Workbook

Sheet Data
A1: site | B1: month | C1: kwh | D1: reported
A2: Hawthorn Court | B2: 2026-01 | C2: 15765.8 | D2: 1
A3: Hawthorn Court | B3: 2026-02 | C3: 13244.9 | D3: 1
A4: Hawthorn Court | B4: 2026-03 | C4: 13190.6 | D4: 1
A5: Hawthorn Court | B5: 2026-04 | C5: 11651.5 | D5: 1
A6: Hawthorn Court | B6: 2026-05 | C6: 12239.5 | D6: 1
A7: Hawthorn Court | B7: 2026-06 | C7: 13464.2 | D7: 1
A8: Mill Street Lofts | B8: 2026-01 | C8: 11603.1 | D8: 1
A9: Mill Street Lofts | B9: 2026-02 | C9: 9801.9 | D9: 1
A10: Mill Street Lofts | B10: 2026-03 | C10: 9491.6 | D10: 1
A11: Mill Street Lofts | B11: 2026-04 | C11: 8508.5 | D11: 1
A12: Mill Street Lofts | B12: 2026-05 | C12: 9298.7 | D12: 1
A13: Mill Street Lofts | B13: 2026-06 | C13: 10288.4 | D13: 1
... A31: Depot Lane Storage | B31: 2026-06 | C31: 0 | D31: 0

Sheet Report
A1: Site | B1: 2026-01 | C1: 2026-02 | D1: 2026-03 | E1: 2026-04 | F1: 2026-05 | G1: 2026-06 | H1: Total kWh
A2: Hawthorn Court | B2: =IF(SUMIFS(Data!$D$2:$D$31,Data!$A$2:$A$31,$A2,Data!$B$2:$B$31,B$1)=0,"no reading",ROUND(SUMIFS(Data!$C$2:$C$31,Data!$A$2:$A$31,$A2,Data!$B$2:$B$31,B$1),1)) | C2: =IF(SUMIFS(Data!$D$2:$D$31,Data!$A$2:$A$31,$A2,Data!$B$2:$B$31,C$1)=0,"no reading",ROUND(SUMIFS(Data!$C$2:$C$31,Data!$A$2:$A$31,$A2,Data!$B$2:$B$31,C$1),1)) | D2: =IF(SUMIFS(Data!$D$2:$D$31,Data!$A$2:$A$31,$A2,Data!$B$2:$B$31,D$1)=0,"no reading",ROUND(SUMIFS(Data!$C$2:$C$31,Data!$A$2:$A$31,$A2,Data!$B$2:$B$31,D$1),1)) | E2: =IF(SUMIFS(Data!$D$2:$D$31,Data!$A$2:$A$31,$A2,Data!$B$2:$B$31,E$1)=0,"no reading",ROUND(SUMIFS(Data!$C$2:$C$31,Data!$A$2:$A$31,$A2,Data!$B$2:$B$31,E$1),1)) | F2: =IF(SUMIFS(Data!$D$2:$D$31,Data!$A$2:$A$31,$A2,Data!$B$2:$B$31,F$1)=0,"no reading",ROUND(SUMIFS(Data!$C$2:$C$31,Data!$A$2:$A$31,$A2,Data!$B$2:$B$31,F$1),1)) | G2: =IF(SUMIFS(Data!$D$2:$D$31,Data!$A$2:$A$31,$A2,Data!$B$2:$B$31,G$1)=0,"no reading",ROUND(SUMIFS(Data!$C$2:$C$31,Data!$A$2:$A$31,$A2,Data!$B$2:$B$31,G$1),1)) | H2: =SUM(B2:G2)
A3: Mill Street Lofts | B3: =IF(SUMIFS(Data!$D$2:$D$31,Data!$A$2:$A$31,$A3,Data!$B$2:$B$31,B$1)=0,"no reading",ROUND(SUMIFS(Data!$C$2:$C$31,Data!$A$2:$A$31,$A3,Data!$B$2:$B$31,B$1),1)) | C3: =IF(SUMIFS(Data!$D$2:$D$31,Data!$A$2:$A$31,$A3,Data!$B$2:$B$31,C$1)=0,"no reading",ROUND(SUMIFS(Data!$C$2:$C$31,Data!$A$2:$A$31,$A3,Data!$B$2:$B$31,C$1),1)) | D3: =IF(SUMIFS(Data!$D$2:$D$31,Data!$A$2:$A$31,$A3,Data!$B$2:$B$31,D$1)=0,"no reading",ROUND(SUMIFS(Data!$C$2:$C$31,Data!$A$2:$A$31,$A3,Data!$B$2:$B$31,D$1),1)) | E3: =IF(SUMIFS(Data!$D$2:$D$31,Data!$A$2:$A$31,$A3,Data!$B$2:$B$31,E$1)=0,"no reading",ROUND(SUMIFS(Data!$C$2:$C$31,Data!$A$2:$A$31,$A3,Data!$B$2:$B$31,E$1),1)) | F3: =IF(SUMIFS(Data!$D$2:$D$31,Data!$A$2:$A$31,$A3,Data!$B$2:$B$31,F$1)=0,"no reading",ROUND(SUMIFS(Data!$C$2:$C$31,Data!$A$2:$A$31,$A3,Data!$B$2:$B$31,F$1),1)) | G3: =IF(SUMIFS(Data!$D$2:$D$31,Data!$A$2:$A$31,$A3,Data!$B$2:$B$31,G$1)=0,"no reading",ROUND(SUMIFS(Data!$C$2:$C$31,Data!$A$2:$A$31,$A3,Data!$B$2:$B$31,G$1),1)) | H3: =SUM(B3:G3)
A4: Union Square Retail | B4: =IF(SUMIFS(Data!$D$2:$D$31,Data!$A$2:$A$31,$A4,Data!$B$2:$B$31,B$1)=0,"no reading",ROUND(SUMIFS(Data!$C$2:$C$31,Data!$A$2:$A$31,$A4,Data!$B$2:$B$31,B$1),1)) | C4: =IF(SUMIFS(Data!$D$2:$D$31,Data!$A$2:$A$31,$A4,Data!$B$2:$B$31,C$1)=0,"no reading",ROUND(SUMIFS(Data!$C$2:$C$31,Data!$A$2:$A$31,$A4,Data!$B$2:$B$31,C$1),1)) | D4: =IF(SUMIFS(Data!$D$2:$D$31,Data!$A$2:$A$31,$A4,Data!$B$2:$B$31,D$1)=0,"no reading",ROUND(SUMIFS(Data!$C$2:$C$31,Data!$A$2:$A$31,$A4,Data!$B$2:$B$31,D$1),1)) | E4: =IF(SUMIFS(Data!$D$2:$D$31,Data!$A$2:$A$31,$A4,Data!$B$2:$B$31,E$1)=0,"no reading",ROUND(SUMIFS(Data!$C$2:$C$31,Data!$A$2:$A$31,$A4,Data!$B$2:$B$31,E$1),1)) | F4: =IF(SUMIFS(Data!$D$2:$D$31,Data!$A$2:$A$31,$A4,Data!$B$2:$B$31,F$1)=0,"no reading",ROUND(SUMIFS(Data!$C$2:$C$31,Data!$A$2:$A$31,$A4,Data!$B$2:$B$31,F$1),1)) | G4: =IF(SUMIFS(Data!$D$2:$D$31,Data!$A$2:$A$31,$A4,Data!$B$2:$B$31,G$1)=0,"no reading",ROUND(SUMIFS(Data!$C$2:$C$31,Data!$A$2:$A$31,$A4,Data!$B$2:$B$31,G$1),1)) | H4: =SUM(B4:G4)
A5: Riverside Business Park | B5: =IF(SUMIFS(Data!$D$2:$D$31,Data!$A$2:$A$31,$A5,Data!$B$2:$B$31,B$1)=0,"no reading",ROUND(SUMIFS(Data!$C$2:$C$31,Data!$A$2:$A$31,$A5,Data!$B$2:$B$31,B$1),1)) | C5: =IF(SUMIFS(Data!$D$2:$D$31,Data!$A$2:$A$31,$A5,Data!$B$2:$B$31,C$1)=0,"no reading",ROUND(SUMIFS(Data!$C$2:$C$31,Data!$A$2:$A$31,$A5,Data!$B$2:$B$31,C$1),1)) | D5: =IF(SUMIFS(Data!$D$2:$D$31,Data!$A$2:$A$31,$A5,Data!$B$2:$B$31,D$1)=0,"no reading",ROUND(SUMIFS(Data!$C$2:$C$31,Data!$A$2:$A$31,$A5,Data!$B$2:$B$31,D$1),1)) | E5: =IF(SUMIFS(Data!$D$2:$D$31,Data!$A$2:$A$31,$A5,Data!$B$2:$B$31,E$1)=0,"no reading",ROUND(SUMIFS(Data!$C$2:$C$31,Data!$A$2:$A$31,$A5,Data!$B$2:$B$31,E$1),1)) | F5: =IF(SUMIFS(Data!$D$2:$D$31,Data!$A$2:$A$31,$A5,Data!$B$2:$B$31,F$1)=0,"no reading",ROUND(SUMIFS(Data!$C$2:$C$31,Data!$A$2:$A$31,$A5,Data!$B$2:$B$31,F$1),1)) | G5: =IF(SUMIFS(Data!$D$2:$D$31,Data!$A$2:$A$31,$A5,Data!$B$2:$B$31,G$1)=0,"no reading",ROUND(SUMIFS(Data!$C$2:$C$31,Data!$A$2:$A$31,$A5,Data!$B$2:$B$31,G$1),1)) | H5: =SUM(B5:G5)
A6: Depot Lane Storage | B6: =IF(SUMIFS(Data!$D$2:$D$31,Data!$A$2:$A$31,$A6,Data!$B$2:$B$31,B$1)=0,"no reading",ROUND(SUMIFS(Data!$C$2:$C$31,Data!$A$2:$A$31,$A6,Data!$B$2:$B$31,B$1),1)) | C6: =IF(SUMIFS(Data!$D$2:$D$31,Data!$A$2:$A$31,$A6,Data!$B$2:$B$31,C$1)=0,"no reading",ROUND(SUMIFS(Data!$C$2:$C$31,Data!$A$2:$A$31,$A6,Data!$B$2:$B$31,C$1),1)) | D6: =IF(SUMIFS(Data!$D$2:$D$31,Data!$A$2:$A$31,$A6,Data!$B$2:$B$31,D$1)=0,"no reading",ROUND(SUMIFS(Data!$C$2:$C$31,Data!$A$2:$A$31,$A6,Data!$B$2:$B$31,D$1),1)) | E6: =IF(SUMIFS(Data!$D$2:$D$31,Data!$A$2:$A$31,$A6,Data!$B$2:$B$31,E$1)=0,"no reading",ROUND(SUMIFS(Data!$C$2:$C$31,Data!$A$2:$A$31,$A6,Data!$B$2:$B$31,E$1),1)) | F6: =IF(SUMIFS(Data!$D$2:$D$31,Data!$A$2:$A$31,$A6,Data!$B$2:$B$31,F$1)=0,"no reading",ROUND(SUMIFS(Data!$C$2:$C$31,Data!$A$2:$A$31,$A6,Data!$B$2:$B$31,F$1),1)) | G6: =IF(SUMIFS(Data!$D$2:$D$31,Data!$A$2:$A$31,$A6,Data!$B$2:$B$31,G$1)=0,"no reading",ROUND(SUMIFS(Data!$C$2:$C$31,Data!$A$2:$A$31,$A6,Data!$B$2:$B$31,G$1),1)) | H6: =SUM(B6:G6)
A7: Total - all sites | B7: =SUM(B2:B6) | C7: =SUM(C2:C6) | D7: =SUM(D2:D6) | E7: =SUM(E2:E6) | F7: =SUM(F2:F6) | G7: =SUM(G2:G6) | H7: =SUM(H2:H6)
A9: Depot Lane Storage has no meter read after 31 May 2026, so June cannot be calculated and is shown as no reading rather than estimated. Usage between two reads is spread evenly over the days between them.
