Workbook

Sheet Incidents
A1: incident_id | B1: date | C1: site | D1: type | E1: severity
A2: IR-2026-401 | B2: 2026-01-03 | C2: East Fab | D2: Slip, trip or fall | E2: First aid only
A3: IR-2026-402 | B3: 2026-01-22 | C3: Plant 2 | D3: Chemical exposure | E3: Recordable
A4: IR-2026-403 | B4: 2026-01-12 | C4: East Fab | D4: Slip, trip or fall | E4: Lost time
A5: IR-2026-404 | B5: 2026-01-05 | C5: Plant 1 | D5: Laceration | E5: First aid only
A6: IR-2026-405 | B6: 2026-01-26 | C6: East Fab | D6: Caught in or between | E6: First aid only
A7: IR-2026-406 | B7: 2026-01-08 | C7: Plant 2 | D7: Chemical exposure | E7: Lost time
A8: IR-2026-407 | B8: 2026-01-24 | C8: Plant 2 | D8: Chemical exposure | E8: First aid only
A9: IR-2026-408 | B9: 2026-01-09 | C9: East Fab | D9: Chemical exposure | E9: Lost time
A10: IR-2026-409 | B10: 2026-01-30 | C10: Plant 2 | D10: Caught in or between | E10: First aid only
A11: IR-2026-410 | B11: 2026-01-09 | C11: Plant 1 | D11: Slip, trip or fall | E11: First aid only
A12: IR-2026-411 | B12: 2026-01-29 | C12: Plant 1 | D12: Laceration | E12: First aid only
... A112: IR-2026-516 | B112: 2026-06-23 | C112: East Fab | D112: Chemical exposure | E112: Recordable

Sheet NearMisses
A1: report_id | B1: date | C1: site
A2: NM-5200 | B2: 2026-01-29 | C2: Warehouse
A3: NM-5201 | B3: 2026-02-25 | C3: Plant 1
A4: NM-5202 | B4: 2026-01-30 | C4: Plant 1
A5: NM-5203 | B5: 2026-06-29 | C5: Plant 2
A6: NM-5204 | B6: 2026-06-09 | C6: Plant 1
A7: NM-5205 | B7: 2026-04-04 | C7: Warehouse
A8: NM-5206 | B8: 2026-02-28 | C8: Warehouse
A9: NM-5207 | B9: 2026-06-27 | C9: Warehouse
A10: NM-5208 | B10: 2026-06-23 | C10: Warehouse
A11: NM-5209 | B11: 2026-06-26 | C11: Warehouse
A12: NM-5210 | B12: 2026-04-08 | C12: Plant 1
... A69: NM-5267 | B69: 2026-03-13 | C69: Plant 1

Sheet Report
A1: Site | B1: Slip, trip or fall | C1: Struck by object | D1: Caught in or between | E1: Laceration | F1: Chemical exposure | G1: Strain or sprain | H1: Total incidents | I1: Near misses
A2: Plant 1 | B2: =COUNTIFS(Incidents!$C$2:$C$112,$A2,Incidents!$D$2:$D$112,B$1) | C2: =COUNTIFS(Incidents!$C$2:$C$112,$A2,Incidents!$D$2:$D$112,C$1) | D2: =COUNTIFS(Incidents!$C$2:$C$112,$A2,Incidents!$D$2:$D$112,D$1) | E2: =COUNTIFS(Incidents!$C$2:$C$112,$A2,Incidents!$D$2:$D$112,E$1) | F2: =COUNTIFS(Incidents!$C$2:$C$112,$A2,Incidents!$D$2:$D$112,F$1) | G2: =COUNTIFS(Incidents!$C$2:$C$112,$A2,Incidents!$D$2:$D$112,G$1) | H2: =SUM(B2:G2) | I2: =COUNTIF(NearMisses!$C$2:$C$69,$A2)
A3: Plant 2 | B3: =COUNTIFS(Incidents!$C$2:$C$112,$A3,Incidents!$D$2:$D$112,B$1) | C3: =COUNTIFS(Incidents!$C$2:$C$112,$A3,Incidents!$D$2:$D$112,C$1) | D3: =COUNTIFS(Incidents!$C$2:$C$112,$A3,Incidents!$D$2:$D$112,D$1) | E3: =COUNTIFS(Incidents!$C$2:$C$112,$A3,Incidents!$D$2:$D$112,E$1) | F3: =COUNTIFS(Incidents!$C$2:$C$112,$A3,Incidents!$D$2:$D$112,F$1) | G3: =COUNTIFS(Incidents!$C$2:$C$112,$A3,Incidents!$D$2:$D$112,G$1) | H3: =SUM(B3:G3) | I3: =COUNTIF(NearMisses!$C$2:$C$69,$A3)
A4: East Fab | B4: =COUNTIFS(Incidents!$C$2:$C$112,$A4,Incidents!$D$2:$D$112,B$1) | C4: =COUNTIFS(Incidents!$C$2:$C$112,$A4,Incidents!$D$2:$D$112,C$1) | D4: =COUNTIFS(Incidents!$C$2:$C$112,$A4,Incidents!$D$2:$D$112,D$1) | E4: =COUNTIFS(Incidents!$C$2:$C$112,$A4,Incidents!$D$2:$D$112,E$1) | F4: =COUNTIFS(Incidents!$C$2:$C$112,$A4,Incidents!$D$2:$D$112,F$1) | G4: =COUNTIFS(Incidents!$C$2:$C$112,$A4,Incidents!$D$2:$D$112,G$1) | H4: =SUM(B4:G4) | I4: =COUNTIF(NearMisses!$C$2:$C$69,$A4)
A5: Warehouse | B5: =COUNTIFS(Incidents!$C$2:$C$112,$A5,Incidents!$D$2:$D$112,B$1) | C5: =COUNTIFS(Incidents!$C$2:$C$112,$A5,Incidents!$D$2:$D$112,C$1) | D5: =COUNTIFS(Incidents!$C$2:$C$112,$A5,Incidents!$D$2:$D$112,D$1) | E5: =COUNTIFS(Incidents!$C$2:$C$112,$A5,Incidents!$D$2:$D$112,E$1) | F5: =COUNTIFS(Incidents!$C$2:$C$112,$A5,Incidents!$D$2:$D$112,F$1) | G5: =COUNTIFS(Incidents!$C$2:$C$112,$A5,Incidents!$D$2:$D$112,G$1) | H5: =SUM(B5:G5) | I5: =COUNTIF(NearMisses!$C$2:$C$69,$A5)
A6: All sites | B6: =SUM(B2:B5) | C6: =SUM(C2:C5) | D6: =SUM(D2:D5) | E6: =SUM(E2:E5) | F6: =SUM(F2:F5) | G6: =SUM(G2:G5) | H6: =SUM(H2:H5) | I6: =SUM(I2:I5)
A8: Incidents exclude voided rows and near misses. Near misses come from the tablet export and are counted separately.
