Workbook

Sheet Occupancy
A1: Property | B1: Booked nights 2026-01 | C1: Booked nights 2026-02 | D1: Booked nights 2026-03 | E1: Booked nights Q1 | F1: Available nights 2026-01 | G1: Available nights 2026-02 | H1: Available nights 2026-03 | I1: Available nights Q1 | J1: Occupancy 2026-01 | K1: Occupancy 2026-02 | L1: Occupancy 2026-03 | M1: Occupancy Q1
A2: Aspen Hollow | B2: =COUNTIFS(Nights!$A$2:$A$248,$A2,Nights!$C$2:$C$248,"2026-01") | C2: =COUNTIFS(Nights!$A$2:$A$248,$A2,Nights!$C$2:$C$248,"2026-02") | D2: =COUNTIFS(Nights!$A$2:$A$248,$A2,Nights!$C$2:$C$248,"2026-03") | E2: =SUM(B2:D2) | F2: =SUMIFS(Available!$E$2:$E$16,Available!$A$2:$A$16,$A2,Available!$B$2:$B$16,"2026-01") | G2: =SUMIFS(Available!$E$2:$E$16,Available!$A$2:$A$16,$A2,Available!$B$2:$B$16,"2026-02") | H2: =SUMIFS(Available!$E$2:$E$16,Available!$A$2:$A$16,$A2,Available!$B$2:$B$16,"2026-03") | I2: =SUM(F2:H2) | J2: =IF(F2=0,0,ROUND(B2/F2,4)) | K2: =IF(G2=0,0,ROUND(C2/G2,4)) | L2: =IF(H2=0,0,ROUND(D2/H2,4)) | M2: =IF(I2=0,0,ROUND(E2/I2,4))
A3: Bear Creek Lodge | B3: =COUNTIFS(Nights!$A$2:$A$248,$A3,Nights!$C$2:$C$248,"2026-01") | C3: =COUNTIFS(Nights!$A$2:$A$248,$A3,Nights!$C$2:$C$248,"2026-02") | D3: =COUNTIFS(Nights!$A$2:$A$248,$A3,Nights!$C$2:$C$248,"2026-03") | E3: =SUM(B3:D3) | F3: =SUMIFS(Available!$E$2:$E$16,Available!$A$2:$A$16,$A3,Available!$B$2:$B$16,"2026-01") | G3: =SUMIFS(Available!$E$2:$E$16,Available!$A$2:$A$16,$A3,Available!$B$2:$B$16,"2026-02") | H3: =SUMIFS(Available!$E$2:$E$16,Available!$A$2:$A$16,$A3,Available!$B$2:$B$16,"2026-03") | I3: =SUM(F3:H3) | J3: =IF(F3=0,0,ROUND(B3/F3,4)) | K3: =IF(G3=0,0,ROUND(C3/G3,4)) | L3: =IF(H3=0,0,ROUND(D3/H3,4)) | M3: =IF(I3=0,0,ROUND(E3/I3,4))
A4: Cedar Loft | B4: =COUNTIFS(Nights!$A$2:$A$248,$A4,Nights!$C$2:$C$248,"2026-01") | C4: =COUNTIFS(Nights!$A$2:$A$248,$A4,Nights!$C$2:$C$248,"2026-02") | D4: =COUNTIFS(Nights!$A$2:$A$248,$A4,Nights!$C$2:$C$248,"2026-03") | E4: =SUM(B4:D4) | F4: =SUMIFS(Available!$E$2:$E$16,Available!$A$2:$A$16,$A4,Available!$B$2:$B$16,"2026-01") | G4: =SUMIFS(Available!$E$2:$E$16,Available!$A$2:$A$16,$A4,Available!$B$2:$B$16,"2026-02") | H4: =SUMIFS(Available!$E$2:$E$16,Available!$A$2:$A$16,$A4,Available!$B$2:$B$16,"2026-03") | I4: =SUM(F4:H4) | J4: =IF(F4=0,0,ROUND(B4/F4,4)) | K4: =IF(G4=0,0,ROUND(C4/G4,4)) | L4: =IF(H4=0,0,ROUND(D4/H4,4)) | M4: =IF(I4=0,0,ROUND(E4/I4,4))
A5: Fox Den Cabin | B5: =COUNTIFS(Nights!$A$2:$A$248,$A5,Nights!$C$2:$C$248,"2026-01") | C5: =COUNTIFS(Nights!$A$2:$A$248,$A5,Nights!$C$2:$C$248,"2026-02") | D5: =COUNTIFS(Nights!$A$2:$A$248,$A5,Nights!$C$2:$C$248,"2026-03") | E5: =SUM(B5:D5) | F5: =SUMIFS(Available!$E$2:$E$16,Available!$A$2:$A$16,$A5,Available!$B$2:$B$16,"2026-01") | G5: =SUMIFS(Available!$E$2:$E$16,Available!$A$2:$A$16,$A5,Available!$B$2:$B$16,"2026-02") | H5: =SUMIFS(Available!$E$2:$E$16,Available!$A$2:$A$16,$A5,Available!$B$2:$B$16,"2026-03") | I5: =SUM(F5:H5) | J5: =IF(F5=0,0,ROUND(B5/F5,4)) | K5: =IF(G5=0,0,ROUND(C5/G5,4)) | L5: =IF(H5=0,0,ROUND(D5/H5,4)) | M5: =IF(I5=0,0,ROUND(E5/I5,4))
A6: Summit A-Frame | B6: =COUNTIFS(Nights!$A$2:$A$248,$A6,Nights!$C$2:$C$248,"2026-01") | C6: =COUNTIFS(Nights!$A$2:$A$248,$A6,Nights!$C$2:$C$248,"2026-02") | D6: =COUNTIFS(Nights!$A$2:$A$248,$A6,Nights!$C$2:$C$248,"2026-03") | E6: =SUM(B6:D6) | F6: =SUMIFS(Available!$E$2:$E$16,Available!$A$2:$A$16,$A6,Available!$B$2:$B$16,"2026-01") | G6: =SUMIFS(Available!$E$2:$E$16,Available!$A$2:$A$16,$A6,Available!$B$2:$B$16,"2026-02") | H6: =SUMIFS(Available!$E$2:$E$16,Available!$A$2:$A$16,$A6,Available!$B$2:$B$16,"2026-03") | I6: =SUM(F6:H6) | J6: =IF(F6=0,0,ROUND(B6/F6,4)) | K6: =IF(G6=0,0,ROUND(C6/G6,4)) | L6: =IF(H6=0,0,ROUND(D6/H6,4)) | M6: =IF(I6=0,0,ROUND(E6/I6,4))
A7: Total | B7: =SUM(B2:B6) | C7: =SUM(C2:C6) | D7: =SUM(D2:D6) | E7: =SUM(E2:E6) | F7: =SUM(F2:F6) | G7: =SUM(G2:G6) | H7: =SUM(H2:H6) | I7: =SUM(I2:I6) | J7: =IF(F7=0,0,ROUND(B7/F7,4)) | K7: =IF(G7=0,0,ROUND(C7/G7,4)) | L7: =IF(H7=0,0,ROUND(D7/H7,4)) | M7: =IF(I7=0,0,ROUND(E7/I7,4))
A9: Nights by the date slept (check-out day excluded). Available = days in month less blocked nights: calendar blocks (DTEND exclusive, cancelled events ignored) and Owner stays. Cancelled reservations excluded.

Sheet Nights
A1: property | B1: night | C1: month | D1: reservation
A2: Aspen Hollow | B2: 2026-01-01 | C2: 2026-01 | D2: HM5Z95RL
A3: Aspen Hollow | B3: 2026-01-02 | C3: 2026-01 | D3: HM5Z95RL
A4: Aspen Hollow | B4: 2026-01-03 | C4: 2026-01 | D4: HM5Z95RL
A5: Summit A-Frame | B5: 2026-01-01 | C5: 2026-01 | D5: HM5UZ2H8
A6: Summit A-Frame | B6: 2026-01-02 | C6: 2026-01 | D6: HM5UZ2H8
A7: Bear Creek Lodge | B7: 2026-01-01 | C7: 2026-01 | D7: HMR0H359
A8: Bear Creek Lodge | B8: 2026-01-02 | C8: 2026-01 | D8: HMR0H359
A9: Bear Creek Lodge | B9: 2026-01-03 | C9: 2026-01 | D9: HMR0H359
A10: Bear Creek Lodge | B10: 2026-01-04 | C10: 2026-01 | D10: HMR0H359
A11: Fox Den Cabin | B11: 2026-01-01 | C11: 2026-01 | D11: HM5F04ZY
A12: Fox Den Cabin | B12: 2026-01-02 | C12: 2026-01 | D12: HM5F04ZY
... A248: Fox Den Cabin | B248: 2026-03-31 | C248: 2026-03 | D248: HMWACAHP

Sheet Available
A1: property | B1: month | C1: days_in_month | D1: blocked_nights | E1: available_nights
A2: Aspen Hollow | B2: 2026-01 | C2: 31 | D2: 5 | E2: =C2-D2
A3: Aspen Hollow | B3: 2026-02 | C3: 28 | D3: 2 | E3: =C3-D3
A4: Aspen Hollow | B4: 2026-03 | C4: 31 | D4: 0 | E4: =C4-D4
A5: Bear Creek Lodge | B5: 2026-01 | C5: 31 | D5: 0 | E5: =C5-D5
A6: Bear Creek Lodge | B6: 2026-02 | C6: 28 | D6: 5 | E6: =C6-D6
A7: Bear Creek Lodge | B7: 2026-03 | C7: 31 | D7: 0 | E7: =C7-D7
A8: Cedar Loft | B8: 2026-01 | C8: 31 | D8: 0 | E8: =C8-D8
A9: Cedar Loft | B9: 2026-02 | C9: 28 | D9: 0 | E9: =C9-D9
A10: Cedar Loft | B10: 2026-03 | C10: 31 | D10: 4 | E10: =C10-D10
A11: Fox Den Cabin | B11: 2026-01 | C11: 31 | D11: 5 | E11: =C11-D11
A12: Fox Den Cabin | B12: 2026-02 | C12: 28 | D12: 5 | E12: =C12-D12
A13: Fox Den Cabin | B13: 2026-03 | C13: 31 | D13: 0 | E13: =C13-D13
... A16: Summit A-Frame | B16: 2026-03 | C16: 31 | D16: 0 | E16: =C16-D16
