Workbook

Sheet Summary
A1: Category | B1: Quoted value (USD) | C1: PO value (USD) | D1: Savings (USD) | E1: Savings %
A2: Malt & grain | B2: =SUMIF(Lines!$E$2:$E$28,A2,Lines!$O$2:$O$28) | C2: =SUMIF(Lines!$E$2:$E$28,A2,Lines!$P$2:$P$28) | D2: =SUMIF(Lines!$E$2:$E$28,A2,Lines!$Q$2:$Q$28) | E2: =IF(B2=0,0,ROUND(D2/B2,4))
A3: Hops | B3: =SUMIF(Lines!$E$2:$E$28,A3,Lines!$O$2:$O$28) | C3: =SUMIF(Lines!$E$2:$E$28,A3,Lines!$P$2:$P$28) | D3: =SUMIF(Lines!$E$2:$E$28,A3,Lines!$Q$2:$Q$28) | E3: =IF(B3=0,0,ROUND(D3/B3,4))
A4: Packaging | B4: =SUMIF(Lines!$E$2:$E$28,A4,Lines!$O$2:$O$28) | C4: =SUMIF(Lines!$E$2:$E$28,A4,Lines!$P$2:$P$28) | D4: =SUMIF(Lines!$E$2:$E$28,A4,Lines!$Q$2:$Q$28) | E4: =IF(B4=0,0,ROUND(D4/B4,4))
A5: Cleaning & sanitation | B5: =SUMIF(Lines!$E$2:$E$28,A5,Lines!$O$2:$O$28) | C5: =SUMIF(Lines!$E$2:$E$28,A5,Lines!$P$2:$P$28) | D5: =SUMIF(Lines!$E$2:$E$28,A5,Lines!$Q$2:$Q$28) | E5: =IF(B5=0,0,ROUND(D5/B5,4))
A6: Lab & QA | B6: =SUMIF(Lines!$E$2:$E$28,A6,Lines!$O$2:$O$28) | C6: =SUMIF(Lines!$E$2:$E$28,A6,Lines!$P$2:$P$28) | D6: =SUMIF(Lines!$E$2:$E$28,A6,Lines!$Q$2:$Q$28) | E6: =IF(B6=0,0,ROUND(D6/B6,4))
A7: Total savings | B7: =SUM(B2:B6) | C7: =SUM(C2:C6) | D7: =SUM(D2:D6) | E7: =IF(B7=0,0,ROUND(D7/B7,4))
A9: Savings = (revision-1 quote price x budget rate - PO unit price) x PO quantity. Cancelled POs and spot buys without a quote are excluded; price increases are negative savings.

Sheet Lines
A1: po_number | B1: po_date | C1: status | D1: supplier | E1: category | F1: item_code | G1: quote_ref | H1: quote_currency | I1: quote_rev1_unit_price | J1: budget_rate_to_usd | K1: baseline_unit_usd | L1: po_qty | M1: po_unit_usd | N1: counts | O1: baseline_value_usd | P1: po_value_usd | Q1: savings_usd
A2: PO-5298 | B2: 46049 | C2: Closed | D2: Home Depot Pro | E2: Cleaning & sanitation | F2: CHM-RAG-50 | K2: =IF(G2="",0,ROUND(I2*J2,4)) | L2: 12 | M2: 32.5 | N2: 0 | O2: =N2*K2*L2 | P2: =N2*M2*L2 | Q2: =ROUND(O2-P2,2)
A3: PO-5301 | B3: 46051 | C3: Open | D3: Great Lakes Can Co. | E3: Packaging | F3: CAN-16-BRT | G3: Q26-0133 | H3: USD | I3: 167.81 | J3: 1 | K3: =IF(G3="",0,ROUND(I3*J3,4)) | L3: 40 | M3: 157.68 | N3: 1 | O3: =N3*K3*L3 | P3: =N3*M3*L3 | Q3: =ROUND(O3-P3,2)
A4: PO-5303 | B4: 46055 | C4: Closed | D4: Cascade Lab Supply | E4: Lab & QA | F4: LAB-ATP-100 | G4: Q26-0132 | H4: USD | I4: 217.85 | J4: 1 | K4: =IF(G4="",0,ROUND(I4*J4,4)) | L4: 9 | M4: 213.79 | N4: 1 | O4: =N4*K4*L4 | P4: =N4*M4*L4 | Q4: =ROUND(O4-P4,2)
A5: PO-5304 | B5: 46060 | C5: Closed | D5: Great Lakes Can Co. | E5: Packaging | F5: CAN-16-BRT | G5: Q26-0136 | H5: USD | I5: 159.43 | J5: 1 | K5: =IF(G5="",0,ROUND(I5*J5,4)) | L5: 40 | M5: 148.14 | N5: 1 | O5: =N5*K5*L5 | P5: =N5*M5*L5 | Q5: =ROUND(O5-P5,2)
A6: PO-5307 | B6: 46063 | C6: Closed | D6: Prairie Heritage Malting Ltd. | E6: Malt & grain | F6: MLT-MUN-55 | G6: Q26-0135 | H6: CAD | I6: 55.39 | J6: 0.73 | K6: =IF(G6="",0,ROUND(I6*J6,4)) | L6: 70 | M6: 36.05 | N6: 1 | O6: =N6*K6*L6 | P6: =N6*M6*L6 | Q6: =ROUND(O6-P6,2)
A7: PO-5311 | B7: 46065 | C7: Received | D7: Northwest Chem Supply | E7: Cleaning & sanitation | F7: CHM-ACD-5 | G7: Q26-0137 | H7: USD | I7: 90.67 | J7: 1 | K7: =IF(G7="",0,ROUND(I7*J7,4)) | L7: 35 | M7: 97.2 | N7: 1 | O7: =N7*K7*L7 | P7: =N7*M7*L7 | Q7: =ROUND(O7-P7,2)
A8: PO-5315 | B8: 46083 | C8: Closed | D8: Great Lakes Can Co. | E8: Packaging | F8: TRY-24-EA | G8: Q26-0138 | H8: USD | I8: 0.471 | J8: 1 | K8: =IF(G8="",0,ROUND(I8*J8,4)) | L8: 11000 | M8: 0.431 | N8: 1 | O8: =N8*K8*L8 | P8: =N8*M8*L8 | Q8: =ROUND(O8-P8,2)
A9: PO-5317 | B9: 46087 | C9: Cancelled | D9: Great Lakes Can Co. | E9: Packaging | F9: CAR-4PK-1000 | G9: Q26-0142 | H9: USD | I9: 69.99 | J9: 1 | K9: =IF(G9="",0,ROUND(I9*J9,4)) | L9: 44 | M9: 68.89 | N9: 0 | O9: =N9*K9*L9 | P9: =N9*M9*L9 | Q9: =ROUND(O9-P9,2)
A10: PO-5320 | B10: 46087 | C10: Closed | D10: Prairie Heritage Malting Ltd. | E10: Malt & grain | F10: MLT-2ROW-55 | G10: Q26-0141 | H10: CAD | I10: 51.66 | J10: 0.73 | K10: =IF(G10="",0,ROUND(I10*J10,4)) | L10: 150 | M10: 33.51 | N10: 1 | O10: =N10*K10*L10 | P10: =N10*M10*L10 | Q10: =ROUND(O10-P10,2)
A11: PO-5321 | B11: 46102 | C11: Received | D11: Hopfenhaus Hallertau GmbH | E11: Hops | F11: HOP-HMF-KG | G11: Q26-0149 | H11: EUR | I11: 21.68 | J11: 1.08 | K11: =IF(G11="",0,ROUND(I11*J11,4)) | L11: 150 | M11: 23.32 | N11: 1 | O11: =N11*K11*L11 | P11: =N11*M11*L11 | Q11: =ROUND(O11-P11,2)
A12: PO-5321 | B12: 46102 | C12: Received | D12: Hopfenhaus Hallertau GmbH | E12: Hops | F12: HOP-HMF-KG | G12: Q26-0144 | H12: EUR | I12: 18.98 | J12: 1.08 | K12: =IF(G12="",0,ROUND(I12*J12,4)) | L12: 340 | M12: 20.04 | N12: 1 | O12: =N12*K12*L12 | P12: =N12*M12*L12 | Q12: =ROUND(O12-P12,2)
A13: PO-5322 | B13: 46109 | C13: Closed | D13: Northwest Chem Supply | E13: Cleaning & sanitation | F13: CHM-CIP-55 | G13: Q26-0147 | H13: USD | I13: 409.84 | J13: 1 | K13: =IF(G13="",0,ROUND(I13*J13,4)) | L13: 14 | M13: 379.09 | N13: 1 | O13: =N13*K13*L13 | P13: =N13*M13*L13 | Q13: =ROUND(O13-P13,2)
A14: PO-5326 | B14: 46115 | C14: Closed | D14: Uline | E14: Packaging | F14: PKG-TAPE-36 | K14: =IF(G14="",0,ROUND(I14*J14,4)) | L14: 5 | M14: 64.8 | N14: 0 | O14: =N14*K14*L14 | P14: =N14*M14*L14 | Q14: =ROUND(O14-P14,2)
A15: PO-5330 | B15: 46117 | C15: Closed | D15: Northwest Chem Supply | E15: Cleaning & sanitation | F15: CHM-PAA-5 | G15: Q26-0151 | H15: USD | I15: 99.22 | J15: 1 | K15: =IF(G15="",0,ROUND(I15*J15,4)) | L15: 31 | M15: 90.46 | N15: 1 | O15: =N15*K15*L15 | P15: =N15*M15*L15 | Q15: =ROUND(O15-P15,2)
A16: PO-5332 | B16: 46121 | C16: Closed | D16: Hopfenhaus Hallertau GmbH | E16: Hops | F16: HOP-TET-KG | G16: Q26-0154 | H16: EUR | I16: 18.17 | J16: 1.08 | K16: =IF(G16="",0,ROUND(I16*J16,4)) | L16: 150 | M16: 19.83 | N16: 1 | O16: =N16*K16*L16 | P16: =N16*M16*L16 | Q16: =ROUND(O16-P16,2)
A17: PO-5332 | B17: 46121 | C17: Closed | D17: Hopfenhaus Hallertau GmbH | E17: Hops | F17: HOP-SAZ-KG | G17: Q26-0152 | H17: EUR | I17: 17.52 | J17: 1.08 | K17: =IF(G17="",0,ROUND(I17*J17,4)) | L17: 200 | M17: 17.19 | N17: 1 | O17: =N17*K17*L17 | P17: =N17*M17*L17 | Q17: =ROUND(O17-P17,2)
A18: PO-5335 | B18: 46130 | C18: Closed | D18: Cascade Lab Supply | E18: Lab & QA | F18: LAB-VIA-KIT | G18: Q26-0157 | H18: USD | I18: 135.9 | J18: 1 | K18: =IF(G18="",0,ROUND(I18*J18,4)) | L18: 5 | M18: 135.31 | N18: 1 | O18: =N18*K18*L18 | P18: =N18*M18*L18 | Q18: =ROUND(O18-P18,2)
A19: PO-5336 | B19: 46132 | C19: Closed | D19: Amazon Business | E19: Lab & QA | F19: LAB-PIP-SET | K19: =IF(G19="",0,ROUND(I19*J19,4)) | L19: 2 | M19: 189 | N19: 0 | O19: =N19*K19*L19 | P19: =N19*M19*L19 | Q19: =ROUND(O19-P19,2)
A20: PO-5340 | B20: 46137 | C20: Closed | D20: Northwest Chem Supply | E20: Cleaning & sanitation | F20: CHM-CIP-55 | G20: Q26-0159 | H20: USD | I20: 423.55 | J20: 1 | K20: =IF(G20="",0,ROUND(I20*J20,4)) | L20: 14 | M20: 392.26 | N20: 1 | O20: =N20*K20*L20 | P20: =N20*M20*L20 | Q20: =ROUND(O20-P20,2)
A21: PO-5341 | B21: 46149 | C21: Closed | D21: Great Lakes Can Co. | E21: Packaging | F21: CAR-4PK-1000 | G21: Q26-0163 | H21: USD | I21: 70.93 | J21: 1 | K21: =IF(G21="",0,ROUND(I21*J21,4)) | L21: 35 | M21: 65.83 | N21: 1 | O21: =N21*K21*L21 | P21: =N21*M21*L21 | Q21: =ROUND(O21-P21,2)
A22: PO-5344 | B22: 46151 | C22: Open | D22: Prairie Heritage Malting Ltd. | E22: Malt & grain | F22: MLT-MUN-55 | G22: Q26-0160 | H22: CAD | I22: 55 | J22: 0.73 | K22: =IF(G22="",0,ROUND(I22*J22,4)) | L22: 100 | M22: 36.62 | N22: 1 | O22: =N22*K22*L22 | P22: =N22*M22*L22 | Q22: =ROUND(O22-P22,2)
A23: PO-5346 | B23: 46159 | C23: Received | D23: Great Lakes Can Co. | E23: Packaging | F23: TRY-24-EA | G23: Q26-0166 | H23: USD | I23: 0.578 | J23: 1 | K23: =IF(G23="",0,ROUND(I23*J23,4)) | L23: 1000 | M23: 0.543 | N23: 1 | O23: =N23*K23*L23 | P23: =N23*M23*L23 | Q23: =ROUND(O23-P23,2)
A24: PO-5347 | B24: 46161 | C24: Closed | D24: Hopfenhaus Hallertau GmbH | E24: Hops | F24: HOP-SAZ-KG | G24: Q26-0167 | H24: EUR | I24: 16.32 | J24: 1.08 | K24: =IF(G24="",0,ROUND(I24*J24,4)) | L24: 220 | M24: 15.74 | N24: 1 | O24: =N24*K24*L24 | P24: =N24*M24*L24 | Q24: =ROUND(O24-P24,2)
A25: PO-5349 | B25: 46166 | C25: Closed | D25: Prairie Heritage Malting Ltd. | E25: Malt & grain | F25: MLT-2ROW-55 | G25: Q26-0168 | H25: CAD | I25: 57.69 | J25: 0.73 | K25: =IF(G25="",0,ROUND(I25*J25,4)) | L25: 120 | M25: 39.73 | N25: 1 | O25: =N25*K25*L25 | P25: =N25*M25*L25 | Q25: =ROUND(O25-P25,2)
A26: PO-5349 | B26: 46166 | C26: Closed | D26: Prairie Heritage Malting Ltd. | E26: Malt & grain | F26: MLT-C60-55 | G26: Q26-0169 | H26: CAD | I26: 58.05 | J26: 0.73 | K26: =IF(G26="",0,ROUND(I26*J26,4)) | L26: 60 | M26: 40.98 | N26: 1 | O26: =N26*K26*L26 | P26: =N26*M26*L26 | Q26: =ROUND(O26-P26,2)
A27: PO-5350 | B27: 46189 | C27: Cancelled | D27: Prairie Heritage Malting Ltd. | E27: Malt & grain | F27: MLT-C60-55 | G27: Q26-0171 | H27: CAD | I27: 64.05 | J27: 0.73 | K27: =IF(G27="",0,ROUND(I27*J27,4)) | L27: 40 | M27: 45.97 | N27: 0 | O27: =N27*K27*L27 | P27: =N27*M27*L27 | Q27: =ROUND(O27-P27,2)
A28: PO-5353 | B28: 46193 | C28: Open | D28: Hopfenhaus Hallertau GmbH | E28: Hops | F28: HOP-TET-KG | G28: Q26-0172 | H28: EUR | I28: 15.18 | J28: 1.08 | K28: =IF(G28="",0,ROUND(I28*J28,4)) | L28: 240 | M28: 15.09 | N28: 1 | O28: =N28*K28*L28 | P28: =N28*M28*L28 | Q28: =ROUND(O28-P28,2)
