Workbook

Sheet August 2026
A1: Rep | B1: Plan | C1: Closed won (credited) | D1: Commission | E1: Refund recoveries | F1: Net payout
A2: Kwame Osei | B2: Standard | C2: =ROUND(SUMIFS(Deals!$D$2:$D$57,Deals!$C$2:$C$57,A2),2) | D2: =ROUND(MIN(C2,20000)*0.03+MAX(MIN(C2,50000)-20000,0)*0.05+MAX(C2-50000,0)*0.08,2) | E2: =ROUND(SUMIFS(Refunds!$G$2:$G$5,Refunds!$D$2:$D$5,A2),2) | F2: =D2-E2
A3: Rebecca Brooks | B3: Standard | C3: =ROUND(SUMIFS(Deals!$D$2:$D$57,Deals!$C$2:$C$57,A3),2) | D3: =ROUND(MIN(C3,20000)*0.03+MAX(MIN(C3,50000)-20000,0)*0.05+MAX(C3-50000,0)*0.08,2) | E3: =ROUND(SUMIFS(Refunds!$G$2:$G$5,Refunds!$D$2:$D$5,A3),2) | F3: =D3-E3
A4: Laila Haddad | B4: Senior | C4: =ROUND(SUMIFS(Deals!$D$2:$D$57,Deals!$C$2:$C$57,A4),2) | D4: =ROUND(MIN(C4,40000)*0.05+MAX(C4-40000,0)*0.09,2) | E4: =ROUND(SUMIFS(Refunds!$G$2:$G$5,Refunds!$D$2:$D$5,A4),2) | F4: =D4-E4
A5: Daniel Kim | B5: Standard | C5: =ROUND(SUMIFS(Deals!$D$2:$D$57,Deals!$C$2:$C$57,A5),2) | D5: =ROUND(MIN(C5,20000)*0.03+MAX(MIN(C5,50000)-20000,0)*0.05+MAX(C5-50000,0)*0.08,2) | E5: =ROUND(SUMIFS(Refunds!$G$2:$G$5,Refunds!$D$2:$D$5,A5),2) | F5: =D5-E5
A6: Deborah Ward | B6: Standard | C6: =ROUND(SUMIFS(Deals!$D$2:$D$57,Deals!$C$2:$C$57,A6),2) | D6: =ROUND(MIN(C6,20000)*0.03+MAX(MIN(C6,50000)-20000,0)*0.05+MAX(C6-50000,0)*0.08,2) | E6: =ROUND(SUMIFS(Refunds!$G$2:$G$5,Refunds!$D$2:$D$5,A6),2) | F6: =D6-E6
A7: Total | C7: =SUM(C2:C6) | D7: =SUM(D2:D6) | E7: =SUM(E2:E6) | F7: =SUM(F2:F6)

Sheet Deals
A1: order | B1: close_date | C1: rep | D1: credited_amount
A2: SO-71908 | B2: 2026-08-01 | C2: Laila Haddad | D2: 6109.04
A3: SO-71911 | B3: 2026-08-01 | C3: Kwame Osei | D3: 9270.54
A4: SO-71914 | B4: 2026-08-02 | C4: Daniel Kim | D4: 1400.58
A5: SO-71915 | B5: 2026-08-02 | C5: Kwame Osei | D5: 5062.98
A6: SO-71919 | B6: 2026-08-03 | C6: Deborah Ward | D6: 4732.25
A7: SO-71920 | B7: 2026-08-04 | C7: Kwame Osei | D7: 1730.78
A8: SO-71924 | B8: 2026-08-04 | C8: Deborah Ward | D8: 4418.67
A9: SO-71924 | B9: 2026-08-04 | C9: Kwame Osei | D9: 4418.67
A10: SO-71928 | B10: 2026-08-05 | C10: Deborah Ward | D10: 8635.42
A11: SO-71929 | B11: 2026-08-05 | C11: Laila Haddad | D11: 8571.7
A12: SO-71932 | B12: 2026-08-06 | C12: Daniel Kim | D12: 7183.74
A13: SO-71935 | B13: 2026-08-06 | C13: Kwame Osei | D13: 9472.66
... A57: SO-72037 | B57: 2026-08-31 | C57: Laila Haddad | D57: 4417.29

Sheet Refunds
A1: refund | B1: processed | C1: order | D1: rep | E1: refund_amount | F1: rate_paid | G1: recovery
A2: RF-2208 | B2: 2026-08-04 | C2: SO-71880 | D2: Deborah Ward | E2: 2568.98 | F2: 0.05 | G2: =ROUND(E2*F2,2)
A3: RF-2211 | B3: 2026-08-10 | C3: SO-71939 | D3: Daniel Kim | E3: 3597.73 | F3: 0.03 | G3: =ROUND(E3*F3,2)
A4: RF-2214 | B4: 2026-08-22 | C4: SO-71827 | D4: Laila Haddad | E4: 9146.9 | F4: 0.03 | G4: =ROUND(E4*F4,2)
A5: RF-2217 | B5: 2026-08-23 | C5: SO-71888 | D5: Rebecca Brooks | E5: 4131.72 | F5: 0.08 | G5: =ROUND(E5*F5,2)
