Workbook

Sheet Summary
A1: Cohort | B1: New customers | C1: Month 1 | D1: Month 2 | E1: Month 3 | F1: Month 4 | G1: Month 5
A2: 2026-01 | B2: =COUNTIF(Customers!$C$2:$C$170,$A2) | C2: =SUMIFS(Activity!$E$2:$E$189,Activity!$B$2:$B$189,$A2,Activity!$D$2:$D$189,C$1) | D2: =SUMIFS(Activity!$E$2:$E$189,Activity!$B$2:$B$189,$A2,Activity!$D$2:$D$189,D$1) | E2: =SUMIFS(Activity!$E$2:$E$189,Activity!$B$2:$B$189,$A2,Activity!$D$2:$D$189,E$1) | F2: =SUMIFS(Activity!$E$2:$E$189,Activity!$B$2:$B$189,$A2,Activity!$D$2:$D$189,F$1) | G2: =SUMIFS(Activity!$E$2:$E$189,Activity!$B$2:$B$189,$A2,Activity!$D$2:$D$189,G$1)
A3: 2026-02 | B3: =COUNTIF(Customers!$C$2:$C$170,$A3) | C3: =SUMIFS(Activity!$E$2:$E$189,Activity!$B$2:$B$189,$A3,Activity!$D$2:$D$189,C$1) | D3: =SUMIFS(Activity!$E$2:$E$189,Activity!$B$2:$B$189,$A3,Activity!$D$2:$D$189,D$1) | E3: =SUMIFS(Activity!$E$2:$E$189,Activity!$B$2:$B$189,$A3,Activity!$D$2:$D$189,E$1) | F3: =SUMIFS(Activity!$E$2:$E$189,Activity!$B$2:$B$189,$A3,Activity!$D$2:$D$189,F$1) | G3: n/a
A4: 2026-03 | B4: =COUNTIF(Customers!$C$2:$C$170,$A4) | C4: =SUMIFS(Activity!$E$2:$E$189,Activity!$B$2:$B$189,$A4,Activity!$D$2:$D$189,C$1) | D4: =SUMIFS(Activity!$E$2:$E$189,Activity!$B$2:$B$189,$A4,Activity!$D$2:$D$189,D$1) | E4: =SUMIFS(Activity!$E$2:$E$189,Activity!$B$2:$B$189,$A4,Activity!$D$2:$D$189,E$1) | F4: n/a | G4: n/a
A5: 2026-04 | B5: =COUNTIF(Customers!$C$2:$C$170,$A5) | C5: =SUMIFS(Activity!$E$2:$E$189,Activity!$B$2:$B$189,$A5,Activity!$D$2:$D$189,C$1) | D5: =SUMIFS(Activity!$E$2:$E$189,Activity!$B$2:$B$189,$A5,Activity!$D$2:$D$189,D$1) | E5: n/a | F5: n/a | G5: n/a
A6: 2026-05 | B6: =COUNTIF(Customers!$C$2:$C$170,$A6) | C6: =SUMIFS(Activity!$E$2:$E$189,Activity!$B$2:$B$189,$A6,Activity!$D$2:$D$189,C$1) | D6: n/a | E6: n/a | F6: n/a | G6: n/a
A7: 2026-06 | B7: =COUNTIF(Customers!$C$2:$C$170,$A7) | C7: n/a | D7: n/a | E7: n/a | F7: n/a | G7: n/a
A8: Total | B8: =SUM(B2:B7)
A10: Retention % of new customers
A11: 2026-01 | B11: =B2 | C11: =IF(B11=0,"",ROUND(C2/B11*100,1)) | D11: =IF(B11=0,"",ROUND(D2/B11*100,1)) | E11: =IF(B11=0,"",ROUND(E2/B11*100,1)) | F11: =IF(B11=0,"",ROUND(F2/B11*100,1)) | G11: =IF(B11=0,"",ROUND(G2/B11*100,1))
A12: 2026-02 | B12: =B3 | C12: =IF(B12=0,"",ROUND(C3/B12*100,1)) | D12: =IF(B12=0,"",ROUND(D3/B12*100,1)) | E12: =IF(B12=0,"",ROUND(E3/B12*100,1)) | F12: =IF(B12=0,"",ROUND(F3/B12*100,1)) | G12: n/a
A13: 2026-03 | B13: =B4 | C13: =IF(B13=0,"",ROUND(C4/B13*100,1)) | D13: =IF(B13=0,"",ROUND(D4/B13*100,1)) | E13: =IF(B13=0,"",ROUND(E4/B13*100,1)) | F13: n/a | G13: n/a
A14: 2026-04 | B14: =B5 | C14: =IF(B14=0,"",ROUND(C5/B14*100,1)) | D14: =IF(B14=0,"",ROUND(D5/B14*100,1)) | E14: n/a | F14: n/a | G14: n/a
A15: 2026-05 | B15: =B6 | C15: =IF(B15=0,"",ROUND(C6/B15*100,1)) | D15: n/a | E15: n/a | F15: n/a | G15: n/a
A16: 2026-06 | B16: =B7 | C16: n/a | D16: n/a | E16: n/a | F16: n/a | G16: n/a
A18: Cohort = month of first ever order (2025 buyers excluded); cancelled and fully refunded orders not counted; a customer counts once per month.

Sheet Customers
A1: email | B1: name | C1: cohort
A2: aisha.cook@aol.com | B2: Aisha Cook | C2: 2026-01
A3: anthony.gonzalez@me.com | B3: Anthony Gonzalez | C3: 2026-01
A4: ashley_johnson@gmail.com | B4: Ashley Johnson | C4: 2026-01
A5: brian.cook@aol.com | B5: Brian Cook | C5: 2026-01
A6: cooper.cynthia@hotmail.com | B6: Cynthia Cooper | C6: 2026-01
A7: daniel_patel@gmail.com | B7: Daniel Patel | C7: 2026-01
A8: david_diaz@gmail.com | B8: David Diaz | C8: 2026-01
A9: deborahwhite33@aol.com | B9: Deborah White | C9: 2026-01
A10: eedwards@yahoo.com | B10: Elizabeth Edwards | C10: 2026-01
A11: emendoza@outlook.com | B11: Eric Mendoza | C11: 2026-01
A12: gutierrez.karen@outlook.com | B12: Karen Gutierrez | C12: 2026-01
... A170: thompson.john@yahoo.com | B170: John Thompson | C170: 2026-06

Sheet Activity
A1: email | B1: cohort | C1: active_month | D1: offset | E1: one
A2: aisha.cook@aol.com | B2: 2026-01 | C2: 2026-05 | D2: Month 4 | E2: 1
A3: anthony.gonzalez@me.com | B3: 2026-01 | C3: 2026-02 | D3: Month 1 | E3: 1
A4: anthony.gonzalez@me.com | B4: 2026-01 | C4: 2026-04 | D4: Month 3 | E4: 1
A5: anthony.gonzalez@me.com | B5: 2026-01 | C5: 2026-05 | D5: Month 4 | E5: 1
A6: ashley_johnson@gmail.com | B6: 2026-01 | C6: 2026-02 | D6: Month 1 | E6: 1
A7: ashley_johnson@gmail.com | B7: 2026-01 | C7: 2026-06 | D7: Month 5 | E7: 1
A8: brian.cook@aol.com | B8: 2026-01 | C8: 2026-02 | D8: Month 1 | E8: 1
A9: brian.cook@aol.com | B9: 2026-01 | C9: 2026-03 | D9: Month 2 | E9: 1
A10: cooper.cynthia@hotmail.com | B10: 2026-01 | C10: 2026-03 | D10: Month 2 | E10: 1
A11: cooper.cynthia@hotmail.com | B11: 2026-01 | C11: 2026-04 | D11: Month 3 | E11: 1
A12: daniel_patel@gmail.com | B12: 2026-01 | C12: 2026-02 | D12: Month 1 | E12: 1
A13: david_diaz@gmail.com | B13: 2026-01 | C13: 2026-02 | D13: Month 1 | E13: 1
... A189: tomaszgutierrez36@icloud.com | B189: 2026-05 | C189: 2026-06 | D189: Month 1 | E189: 1
