Workbook

Sheet Data
A1: reg_id | B1: attendee | C1: ticket_type | D1: amount_paid | E1: refunded_after_event | F1: attended
A2: REG-1001 | B2: Deborah Okafor | C2: Full conference | D2: 895 | E2: 0 | F2: 1
A3: REG-1002 | B3: Joshua Morris | C3: Full conference | D3: 895 | E3: 0 | F3: 1
A4: REG-1003 | B4: Sarah Foster | C4: Full conference | D4: 895 | E4: 0 | F4: 1
A5: REG-1004 | B5: Elizabeth Ruiz | C5: Full conference | D5: 895 | E5: 0 | F5: 1
A6: REG-1005 | B6: Omar Brooks | C6: Full conference | D6: 895 | E6: 0 | F6: 1
A7: REG-1006 | B7: Kimberly Davis | C7: Full conference | D7: 895 | E7: 0 | F7: 1
A8: REG-1007 | B8: Chloe Watson | C8: Full conference | D8: 895 | E8: 0 | F8: 1
A9: REG-1008 | B9: Carol Alvarez | C9: Full conference | D9: 895 | E9: 0 | F9: 1
A10: REG-1009 | B10: Charles Mensah | C10: Full conference | D10: 895 | E10: 0 | F10: 0
A11: REG-1010 | B11: Angela Morales | C11: Full conference | D11: 895 | E11: 0 | F11: 1
A12: REG-1011 | B12: Anna Clark | C12: Full conference | D12: 895 | E12: 0 | F12: 1
A13: REG-1012 | B13: Deborah Green | C13: Full conference | D13: 895 | E13: 0 | F13: 1
... A238: REG-1246 | B238: Lisa Gutierrez | C238: Comp | D238: 0 | E238: 0 | F238: 0

Sheet Report
A1: Ticket type | B1: Registered | C1: Attended | D1: No-shows | E1: Gross revenue | F1: Refunds | G1: Net revenue
A2: Full conference | B2: =COUNTIF(Data!$C$2:$C$238,$A2) | C2: =SUMIFS(Data!$F$2:$F$238,Data!$C$2:$C$238,$A2) | D2: =B2-C2 | E2: =SUMIFS(Data!$D$2:$D$238,Data!$C$2:$C$238,$A2) | F2: =SUMIFS(Data!$E$2:$E$238,Data!$C$2:$C$238,$A2) | G2: =E2-F2
A3: Early bird | B3: =COUNTIF(Data!$C$2:$C$238,$A3) | C3: =SUMIFS(Data!$F$2:$F$238,Data!$C$2:$C$238,$A3) | D3: =B3-C3 | E3: =SUMIFS(Data!$D$2:$D$238,Data!$C$2:$C$238,$A3) | F3: =SUMIFS(Data!$E$2:$E$238,Data!$C$2:$C$238,$A3) | G3: =E3-F3
A4: One-day | B4: =COUNTIF(Data!$C$2:$C$238,$A4) | C4: =SUMIFS(Data!$F$2:$F$238,Data!$C$2:$C$238,$A4) | D4: =B4-C4 | E4: =SUMIFS(Data!$D$2:$D$238,Data!$C$2:$C$238,$A4) | F4: =SUMIFS(Data!$E$2:$E$238,Data!$C$2:$C$238,$A4) | G4: =E4-F4
A5: Student | B5: =COUNTIF(Data!$C$2:$C$238,$A5) | C5: =SUMIFS(Data!$F$2:$F$238,Data!$C$2:$C$238,$A5) | D5: =B5-C5 | E5: =SUMIFS(Data!$D$2:$D$238,Data!$C$2:$C$238,$A5) | F5: =SUMIFS(Data!$E$2:$E$238,Data!$C$2:$C$238,$A5) | G5: =E5-F5
A6: Comp | B6: =COUNTIF(Data!$C$2:$C$238,$A6) | C6: =SUMIFS(Data!$F$2:$F$238,Data!$C$2:$C$238,$A6) | D6: =B6-C6 | E6: =SUMIFS(Data!$D$2:$D$238,Data!$C$2:$C$238,$A6) | F6: =SUMIFS(Data!$E$2:$E$238,Data!$C$2:$C$238,$A6) | G6: =E6-F6
A7: Total | B7: =SUM(B2:B6) | C7: =SUM(C2:C6) | D7: =SUM(D2:D6) | E7: =SUM(E2:E6) | F7: =SUM(F2:F6) | G7: =SUM(G2:G6)
A9: Attendance rate (scanned / registered) | B9: =ROUND(C7/B7,4)
