Workbook

Sheet KPIs
A1: Glassworks Optical - weekly KPIs
A2: Week (Mon-Sun) | B2: Week of 3 Aug | C2: Week of 10 Aug | D2: Week of 17 Aug | E2: Week of 24 Aug | F2: Week of 31 Aug | G2: Week of 7 Sep | H2: 6 weeks
A3: Store net sales | B3: =ROUND(SUMIFS(POS!$C$2:$C$43,POS!$B$2:$B$43,B$2),2) | C3: =ROUND(SUMIFS(POS!$C$2:$C$43,POS!$B$2:$B$43,C$2),2) | D3: =ROUND(SUMIFS(POS!$C$2:$C$43,POS!$B$2:$B$43,D$2),2) | E3: =ROUND(SUMIFS(POS!$C$2:$C$43,POS!$B$2:$B$43,E$2),2) | F3: =ROUND(SUMIFS(POS!$C$2:$C$43,POS!$B$2:$B$43,F$2),2) | G3: =ROUND(SUMIFS(POS!$C$2:$C$43,POS!$B$2:$B$43,G$2),2) | H3: =SUM(B3:G3)
A4: Online sales (paid orders) | B4: =ROUND(SUMIFS(Web!$D$2:$D$260,Web!$C$2:$C$260,B$2,Web!$E$2:$E$260,"paid"),2) | C4: =ROUND(SUMIFS(Web!$D$2:$D$260,Web!$C$2:$C$260,C$2,Web!$E$2:$E$260,"paid"),2) | D4: =ROUND(SUMIFS(Web!$D$2:$D$260,Web!$C$2:$C$260,D$2,Web!$E$2:$E$260,"paid"),2) | E4: =ROUND(SUMIFS(Web!$D$2:$D$260,Web!$C$2:$C$260,E$2,Web!$E$2:$E$260,"paid"),2) | F4: =ROUND(SUMIFS(Web!$D$2:$D$260,Web!$C$2:$C$260,F$2,Web!$E$2:$E$260,"paid"),2) | G4: =ROUND(SUMIFS(Web!$D$2:$D$260,Web!$C$2:$C$260,G$2,Web!$E$2:$E$260,"paid"),2) | H4: =SUM(B4:G4)
A5: Total sales | B5: =B3+B4 | C5: =C3+C4 | D5: =D3+D4 | E5: =E3+E4 | F5: =F3+F4 | G5: =G3+G4 | H5: =H3+H4
A6: Online orders | B6: =COUNTIFS(Web!$C$2:$C$260,B$2,Web!$E$2:$E$260,"paid") | C6: =COUNTIFS(Web!$C$2:$C$260,C$2,Web!$E$2:$E$260,"paid") | D6: =COUNTIFS(Web!$C$2:$C$260,D$2,Web!$E$2:$E$260,"paid") | E6: =COUNTIFS(Web!$C$2:$C$260,E$2,Web!$E$2:$E$260,"paid") | F6: =COUNTIFS(Web!$C$2:$C$260,F$2,Web!$E$2:$E$260,"paid") | G6: =COUNTIFS(Web!$C$2:$C$260,G$2,Web!$E$2:$E$260,"paid") | H6: =SUM(B6:G6)
A7: Glasses jobs finished | B7: =COUNTIF(Jobs!$C$2:$C$137,B$2) | C7: =COUNTIF(Jobs!$C$2:$C$137,C$2) | D7: =COUNTIF(Jobs!$C$2:$C$137,D$2) | E7: =COUNTIF(Jobs!$C$2:$C$137,E$2) | F7: =COUNTIF(Jobs!$C$2:$C$137,F$2) | G7: =COUNTIF(Jobs!$C$2:$C$137,G$2) | H7: =SUM(B7:G7)
A8: Staff hours | B8: =SUMIFS(Staff!$D$2:$D$234,Staff!$B$2:$B$234,B$2) | C8: =SUMIFS(Staff!$D$2:$D$234,Staff!$B$2:$B$234,C$2) | D8: =SUMIFS(Staff!$D$2:$D$234,Staff!$B$2:$B$234,D$2) | E8: =SUMIFS(Staff!$D$2:$D$234,Staff!$B$2:$B$234,E$2) | F8: =SUMIFS(Staff!$D$2:$D$234,Staff!$B$2:$B$234,F$2) | G8: =SUMIFS(Staff!$D$2:$D$234,Staff!$B$2:$B$234,G$2) | H8: =SUM(B8:G8)
A9: Sales per staff hour | B9: =IF(B8=0,0,ROUND(B5/B8,2)) | C9: =IF(C8=0,0,ROUND(C5/C8,2)) | D9: =IF(D8=0,0,ROUND(D5/D8,2)) | E9: =IF(E8=0,0,ROUND(E5/E8,2)) | F9: =IF(F8=0,0,ROUND(F5/F8,2)) | G9: =IF(G8=0,0,ROUND(G5/G8,2)) | H9: =IF(H8=0,0,ROUND(H5/H8,2))
A10: New subscribers | B10: =COUNTIF(Signups!$B$2:$B$116,B$2) | C10: =COUNTIF(Signups!$B$2:$B$116,C$2) | D10: =COUNTIF(Signups!$B$2:$B$116,D$2) | E10: =COUNTIF(Signups!$B$2:$B$116,E$2) | F10: =COUNTIF(Signups!$B$2:$B$116,F$2) | G10: =COUNTIF(Signups!$B$2:$B$116,G$2) | H10: =SUM(B10:G10)
A12: Weeks run Monday to Sunday, 3 Aug to 13 Sep 2026. Online sales are paid orders only; glasses jobs count in the week the lab finished them; staff hours are regrouped from shift dates, not the pay-week column.

Sheet POS
A1: date | B1: week | C1: net sales
A2: 2026-08-03 | B2: Week of 3 Aug | C2: 0
A3: 2026-08-04 | B3: Week of 3 Aug | C3: 2848.01
A4: 2026-08-05 | B4: Week of 3 Aug | C4: 2155.82
A5: 2026-08-06 | B5: Week of 3 Aug | C5: 3173.08
A6: 2026-08-07 | B6: Week of 3 Aug | C6: 3455.89
A7: 2026-08-08 | B7: Week of 3 Aug | C7: 4507.48
A8: 2026-08-09 | B8: Week of 3 Aug | C8: 3716
A9: 2026-08-10 | B9: Week of 10 Aug | C9: 0
A10: 2026-08-11 | B10: Week of 10 Aug | C10: 2737.08
A11: 2026-08-12 | B11: Week of 10 Aug | C11: 3069.26
A12: 2026-08-13 | B12: Week of 10 Aug | C12: 2155.86
A13: 2026-08-14 | B13: Week of 10 Aug | C13: 3394.11
... A43: 2026-09-13 | B43: Week of 7 Sep | C43: 4278.56

Sheet Web
A1: order | B1: date | C1: week | D1: total | E1: status
A2: #20436 | B2: 2026-08-03 | C2: Week of 3 Aug | D2: 189.76 | E2: paid
A3: #20437 | B3: 2026-08-03 | C3: Week of 3 Aug | D3: 121.16 | E3: paid
A4: #20438 | B4: 2026-08-03 | C4: Week of 3 Aug | D4: 32.25 | E4: paid
A5: #20439 | B5: 2026-08-03 | C5: Week of 3 Aug | D5: 243.06 | E5: paid
A6: #20440 | B6: 2026-08-03 | C6: Week of 3 Aug | D6: 191.53 | E6: pending
A7: #20441 | B7: 2026-08-03 | C7: Week of 3 Aug | D7: 254.69 | E7: paid
A8: #20442 | B8: 2026-08-04 | C8: Week of 3 Aug | D8: 59.89 | E8: paid
A9: #20443 | B9: 2026-08-04 | C9: Week of 3 Aug | D9: 58.95 | E9: paid
A10: #20444 | B10: 2026-08-04 | C10: Week of 3 Aug | D10: 33.54 | E10: paid
A11: #20445 | B11: 2026-08-04 | C11: Week of 3 Aug | D11: 60.23 | E11: paid
A12: #20446 | B12: 2026-08-04 | C12: Week of 3 Aug | D12: 33.44 | E12: paid
A13: #20447 | B13: 2026-08-04 | C13: Week of 3 Aug | D13: 121.71 | E13: paid
... A260: #20694 | B260: 2026-09-13 | C260: Week of 7 Sep | D260: 334.39 | E260: pending

Sheet Jobs
A1: job | B1: finished | C1: week | D1: count
A2: J-7752 | B2: 2026-08-06 | C2: Week of 3 Aug | D2: 1
A3: J-7754 | B3: 2026-08-04 | C3: Week of 3 Aug | D3: 1
A4: J-7758 | B4: 2026-08-07 | C4: Week of 3 Aug | D4: 1
A5: J-7761 | B5: 2026-08-04 | C5: Week of 3 Aug | D5: 1
A6: J-7762 | B6: 2026-08-05 | C6: Week of 3 Aug | D6: 1
A7: J-7763 | B7: 2026-08-13 | C7: Week of 10 Aug | D7: 1
A8: J-7764 | B8: 2026-08-04 | C8: Week of 3 Aug | D8: 1
A9: J-7766 | B9: 2026-08-07 | C9: Week of 3 Aug | D9: 1
A10: J-7767 | B10: 2026-08-05 | C10: Week of 3 Aug | D10: 1
A11: J-7769 | B11: 2026-08-07 | C11: Week of 3 Aug | D11: 1
A12: J-7770 | B12: 2026-08-06 | C12: Week of 3 Aug | D12: 1
A13: J-7771 | B13: 2026-08-12 | C13: Week of 10 Aug | D13: 1
... A137: J-7919 | B137: 2026-09-13 | C137: Week of 7 Sep | D137: 1

Sheet Staff
A1: date | B1: week | C1: employee | D1: hours
A2: 2026-08-04 | B2: Week of 3 Aug | C2: Kwame Osei | D2: 9
A3: 2026-08-04 | B3: Week of 3 Aug | C3: Marcus Bennett | D3: 7.5
A4: 2026-08-04 | B4: Week of 3 Aug | C4: Mateo Ruiz | D4: 6
A5: 2026-08-04 | B5: Week of 3 Aug | C5: Leila Mensah | D5: 7.5
A6: 2026-08-04 | B6: Week of 3 Aug | C6: Yuki Tanaka | D6: 8
A7: 2026-08-04 | B7: Week of 3 Aug | C7: Jonah Reed | D7: 5.5
A8: 2026-08-05 | B8: Week of 3 Aug | C8: Mateo Ruiz | D8: 8
A9: 2026-08-05 | B9: Week of 3 Aug | C9: Ingrid Lindqvist | D9: 8
A10: 2026-08-05 | B10: Week of 3 Aug | C10: Omar Haddad | D10: 6
A11: 2026-08-05 | B11: Week of 3 Aug | C11: Sofia Castillo | D11: 8
A12: 2026-08-05 | B12: Week of 3 Aug | C12: Yuki Tanaka | D12: 9
A13: 2026-08-05 | B13: Week of 3 Aug | C13: Jonah Reed | D13: 7.5
... A234: 2026-09-13 | B234: Week of 7 Sep | C234: Jonah Reed | D234: 5.5

Sheet Signups
A1: date | B1: week | C1: count
A2: 2026-08-03 | B2: Week of 3 Aug | C2: 1
A3: 2026-08-03 | B3: Week of 3 Aug | C3: 1
A4: 2026-08-04 | B4: Week of 3 Aug | C4: 1
A5: 2026-08-04 | B5: Week of 3 Aug | C5: 1
A6: 2026-08-04 | B6: Week of 3 Aug | C6: 1
A7: 2026-08-04 | B7: Week of 3 Aug | C7: 1
A8: 2026-08-04 | B8: Week of 3 Aug | C8: 1
A9: 2026-08-05 | B9: Week of 3 Aug | C9: 1
A10: 2026-08-05 | B10: Week of 3 Aug | C10: 1
A11: 2026-08-05 | B11: Week of 3 Aug | C11: 1
A12: 2026-08-06 | B12: Week of 3 Aug | C12: 1
A13: 2026-08-06 | B13: Week of 3 Aug | C13: 1
... A116: 2026-09-13 | B116: Week of 7 Sep | C116: 1
