Workbook

Sheet Schedule
A1: Month | B1: Opening deferred revenue | C1: Invoiced | D1: Refunded | E1: Revenue recognized | F1: Closing deferred revenue
A2: 2026-01 | B2: 17370 | C2: 2988 | D2: 0 | E2: =Contracts!G19 | F2: =B2+C2-D2-E2
A3: 2026-02 | B3: =F2 | C3: 26964 | D3: 0 | E3: =Contracts!H19 | F3: =B3+C3-D3-E3
A4: 2026-03 | B4: =F3 | C4: 10788 | D4: 0 | E4: =Contracts!I19 | F4: =B4+C4-D4-E4
A5: 2026-04 | B5: =F4 | C5: 11964 | D5: 0 | E5: =Contracts!J19 | F5: =B5+C5-D5-E5
A6: 2026-05 | B6: =F5 | C6: 0 | D6: 0 | E6: =Contracts!K19 | F6: =B6+C6-D6-E6
A7: 2026-06 | B7: =F6 | C7: 13776 | D7: 0 | E7: =Contracts!L19 | F7: =B7+C7-D7-E7
A8: 2026-07 | B8: =F7 | C8: 16776 | D8: 0 | E8: =Contracts!M19 | F8: =B8+C8-D8-E8
A9: 2026-08 | B9: =F8 | C9: 2800 | D9: 0 | E9: =Contracts!N19 | F9: =B9+C9-D9-E9
A10: 2026-09 | B10: =F9 | C10: 0 | D10: 7245 | E10: =Contracts!O19 | F10: =B10+C10-D10-E10
A11: 2026-10 | B11: =F10 | C11: 0 | D11: 0 | E11: =Contracts!P19 | F11: =B11+C11-D11-E11
A12: 2026-11 | B12: =F11 | C12: 17988 | D12: 0 | E12: =Contracts!Q19 | F12: =B12+C12-D12-E12
A13: 2026-12 | B13: =F12 | C13: 2988 | D13: 0 | E13: =Contracts!R19 | F13: =B13+C13-D13-E13
A14: Total 2026 | C14: =SUM(C2:C13) | D14: =SUM(D2:D13) | E14: =SUM(E2:E13) | F14: =F13

Sheet Contracts
A1: Contract | B1: Customer | C1: Annual fee | D1: Upgrade add-on | E1: Refund | F1: Earned before 2026 | G1: 2026-01 | H1: 2026-02 | I1: 2026-03 | J1: 2026-04 | K1: 2026-05 | L1: 2026-06 | M1: 2026-07 | N1: 2026-08 | O1: 2026-09 | P1: 2026-10 | Q1: 2026-11 | R1: 2026-12 | S1: 2026 recognized | T1: Deferred at 2026-12-31
A2: TD-2047 | B2: Westside Tow & Storage | C2: 5988 | D2: 0 | E2: 0 | F2: 499 | G2: 499 | H2: 499 | I2: 499 | J2: 499 | K2: 499 | L2: 499 | M2: 499 | N2: 499 | O2: 499 | P2: 499 | Q2: 499 | R2: 0 | S2: =SUM(G2:R2) | T2: =C2+D2-E2-F2-S2
A3: TD-2049 | B3: Summit Wrecker & Salvage | C3: 17988 | D3: 0 | E3: 0 | F3: 0 | G3: 0 | H3: 0 | I3: 0 | J3: 0 | K3: 0 | L3: 0 | M3: 0 | N3: 0 | O3: 0 | P3: 0 | Q3: 1499 | R3: 1499 | S3: =SUM(G3:R3) | T3: =C3+D3-E3-F3-S3
A4: TD-2067 | B4: Redline Recovery | C4: 2988 | D4: 0 | E4: 0 | F4: 0 | G4: 0 | H4: 0 | I4: 0 | J4: 0 | K4: 0 | L4: 0 | M4: 0 | N4: 0 | O4: 0 | P4: 0 | Q4: 0 | R4: 0 | S4: =SUM(G4:R4) | T4: =C4+D4-E4-F4-S4
A5: TD-2072 | B5: Hilltop Wrecker | C5: 10788 | D5: 0 | E5: 0 | F5: 0 | G5: 0 | H5: 0 | I5: 899 | J5: 899 | K5: 899 | L5: 899 | M5: 899 | N5: 899 | O5: 899 | P5: 899 | Q5: 899 | R5: 899 | S5: =SUM(G5:R5) | T5: =C5+D5-E5-F5-S5
A6: TD-2076 | B6: Interstate Recovery Group | C6: 2988 | D6: 0 | E6: 0 | F6: 0 | G6: 0 | H6: 0 | I6: 0 | J6: 0 | K6: 0 | L6: 0 | M6: 249 | N6: 249 | O6: 249 | P6: 249 | Q6: 249 | R6: 249 | S6: =SUM(G6:R6) | T6: =C6+D6-E6-F6-S6
A7: TD-2086 | B7: Yellow Jacket Towing | C7: 17988 | D7: 0 | E7: 7245 | F7: 0 | G7: 0 | H7: 1499 | I7: 1499 | J7: 1499 | K7: 1499 | L7: 1499 | M7: 1499 | N7: 1499 | O7: 250 | P7: 0 | Q7: 0 | R7: 0 | S7: =SUM(G7:R7) | T7: =C7+D7-E7-F7-S7
A8: TD-2095 | B8: Old Mill Auto Tow | C8: 5988 | D8: 0 | E8: 0 | F8: 0 | G8: 0 | H8: 0 | I8: 499 | J8: 499 | K8: 499 | L8: 499 | M8: 499 | N8: 499 | O8: 499 | P8: 499 | Q8: 499 | R8: 499 | S8: =SUM(G8:R8) | T8: =C8+D8-E8-F8-S8
A9: TD-2100 | B9: Redline Recovery | C9: 2988 | D9: 0 | E9: 0 | F9: 0 | G9: 249 | H9: 249 | I9: 249 | J9: 249 | K9: 249 | L9: 249 | M9: 249 | N9: 249 | O9: 249 | P9: 249 | Q9: 249 | R9: 249 | S9: =SUM(G9:R9) | T9: =C9+D9-E9-F9-S9
A10: TD-2111 | B10: Metro Impound Services | C10: 2988 | D10: 0 | E10: 0 | F10: 0 | G10: 0 | H10: 0 | I10: 249 | J10: 249 | K10: 249 | L10: 249 | M10: 249 | N10: 249 | O10: 249 | P10: 249 | Q10: 249 | R10: 249 | S10: =SUM(G10:R10) | T10: =C10+D10-E10-F10-S10
A11: TD-2114 | B11: Eastgate Auto Recovery | C11: 5988 | D11: 2800 | E11: 0 | F11: 0 | G11: 0 | H11: 0 | I11: 0 | J11: 499 | K11: 499 | L11: 499 | M11: 499 | N11: 499 | O11: 899 | P11: 899 | Q11: 899 | R11: 899 | S11: =SUM(G11:R11) | T11: =C11+D11-E11-F11-S11
A12: TD-2115 | B12: Gateway Tow & Transport | C12: 2988 | D12: 0 | E12: 0 | F12: 0 | G12: 0 | H12: 0 | I12: 0 | J12: 0 | K12: 249 | L12: 249 | M12: 249 | N12: 249 | O12: 249 | P12: 249 | Q12: 249 | R12: 249 | S12: =SUM(G12:R12) | T12: =C12+D12-E12-F12-S12
A13: TD-2119 | B13: Jensen Towing | C13: 10788 | D13: 0 | E13: 0 | F13: 899 | G13: 899 | H13: 899 | I13: 899 | J13: 899 | K13: 899 | L13: 899 | M13: 899 | N13: 899 | O13: 899 | P13: 899 | Q13: 899 | R13: 0 | S13: =SUM(G13:R13) | T13: =C13+D13-E13-F13-S13
... A18: TD-2134 | B18: Keystone Roadside Assist | C18: 10788 | D18: 0 | E18: 0 | F18: 0 | G18: 0 | H18: 0 | I18: 0 | J18: 0 | K18: 0 | L18: 0 | M18: 899 | N18: 899 | O18: 899 | P18: 899 | Q18: 899 | R18: 899 | S18: =SUM(G18:R18) | T18: =C18+D18-E18-F18-S18
A19: Total | C19: =SUM(C2:C18) | D19: =SUM(D2:D18) | E19: =SUM(E2:E18) | F19: =SUM(F2:F18) | G19: =SUM(G2:G18) | H19: =SUM(H2:H18) | I19: =SUM(I2:I18) | J19: =SUM(J2:J18) | ... T19: =SUM(T2:T18)
