Workbook

Sheet Data
A1: shipment_id | B1: hub | C1: promised_window_local | D1: last_piece_local | E1: window_end_local | F1: on_time | G1: late_reason
A2: SHP-60001 | B2: Portland | C2: 2026-08-12 All day | D2: 2026-08-12 08:27 | E2: 2026-08-12 17:00 | F2: 1
A3: SHP-60002 | B3: Portland | C3: 2026-08-24 13:00-15:00 | D3: 2026-08-24 14:51 | E3: 2026-08-24 15:00 | F3: 1
A4: SHP-60003 | B4: Portland | C4: 2026-08-25 All day | D4: 2026-08-25 17:34 | E4: 2026-08-25 17:00 | F4: 0 | G4: Route volume
A5: SHP-60004 | B5: Portland | C5: 2026-08-13 AM | D5: 2026-08-13 10:01 | E5: 2026-08-13 12:00 | F5: 1
A6: SHP-60005 | B6: Portland | C6: 2026-08-11 All day | D6: 2026-08-11 12:50 | E6: 2026-08-11 17:00 | F6: 1
A7: SHP-60006 | B7: Portland | C7: 2026-08-14 13:00-15:00 | D7: 2026-08-14 13:47 | E7: 2026-08-14 15:00 | F7: 1
A8: SHP-60008 | B8: Portland | C8: 2026-08-15 08:00-10:00 | D8: 2026-08-15 09:06 | E8: 2026-08-15 10:00 | F8: 1
A9: SHP-60009 | B9: Portland | C9: 2026-08-03 AM | D9: 2026-08-03 11:44 | E9: 2026-08-03 12:00 | F9: 1
A10: SHP-60010 | B10: Portland | C10: 2026-08-08 08:00-10:00 | D10: 2026-08-08 13:13 | E10: 2026-08-08 10:00 | F10: 0 | G10: Customer
A11: SHP-60011 | B11: Portland | C11: 2026-08-15 13:00-15:00 | D11: 2026-08-15 14:10 | E11: 2026-08-15 15:00 | F11: 1
A12: SHP-60012 | B12: Portland | C12: 2026-08-15 AM | D12: 2026-08-15 09:45 | E12: 2026-08-15 12:00 | F12: 1
A13: SHP-60014 | B13: Portland | C13: 2026-08-25 08:00-10:00 | D13: 2026-08-25 09:50 | E13: 2026-08-25 10:00 | F13: 1
A14: SHP-60015 | B14: Portland | C14: 2026-08-18 All day | D14: 2026-08-18 08:31 | E14: 2026-08-18 17:00 | F14: 1
A15: SHP-60016 | B15: Portland | C15: 2026-08-27 All day | D15: 2026-08-27 15:54 | E15: 2026-08-27 17:00 | F15: 1
A16: SHP-60017 | B16: Portland | C16: 2026-08-13 13:00-15:00 | D16: 2026-08-13 14:30 | E16: 2026-08-13 15:00 | F16: 1
A17: SHP-60018 | B17: Portland | C17: 2026-08-28 AM | D17: 2026-08-28 10:19 | E17: 2026-08-28 12:00 | F17: 1
A18: SHP-60019 | B18: Portland | C18: 2026-08-20 PM | D18: 2026-08-20 13:26 | E18: 2026-08-20 17:00 | F18: 1
A19: SHP-60020 | B19: Portland | C19: 2026-08-03 PM | D19: 2026-08-03 13:56 | E19: 2026-08-03 17:00 | F19: 1
A20: SHP-60021 | B20: Portland | C20: 2026-08-03 08:00-10:00 | D20: 2026-08-03 09:44 | E20: 2026-08-03 10:00 | F20: 1
A21: SHP-60022 | B21: Portland | C21: 2026-08-24 AM | D21: 2026-08-24 11:08 | E21: 2026-08-24 12:00 | F21: 1
A22: SHP-60024 | B22: Portland | C22: 2026-08-11 08:00-10:00 | D22: 2026-08-11 12:09 | E22: 2026-08-11 10:00 | F22: 0 | G22: Customer
A23: SHP-60025 | B23: Portland | C23: 2026-08-18 AM | D23: 2026-08-18 09:24 | E23: 2026-08-18 12:00 | F23: 1
A24: SHP-60026 | B24: Portland | C24: 2026-08-03 AM | D24: 2026-08-03 11:53 | E24: 2026-08-03 12:00 | F24: 1
A25: SHP-60027 | B25: Portland | C25: 2026-08-11 AM | D25: 2026-08-11 11:10 | E25: 2026-08-11 12:00 | F25: 1
A26: SHP-60028 | B26: Portland | C26: 2026-08-06 08:00-10:00 | D26: 2026-08-06 09:33 | E26: 2026-08-06 10:00 | F26: 1
A27: SHP-60029 | B27: Portland | C27: 2026-08-03 08:00-10:00 | D27: 2026-08-03 09:05 | E27: 2026-08-03 10:00 | F27: 1
A28: SHP-60030 | B28: Portland | C28: 2026-08-24 PM | D28: 2026-08-24 15:28 | E28: 2026-08-24 17:00 | F28: 1
A29: SHP-60031 | B29: Portland | C29: 2026-08-14 08:00-10:00 | D29: 2026-08-14 08:19 | E29: 2026-08-14 10:00 | F29: 1
A30: SHP-60032 | B30: Portland | C30: 2026-08-23 All day | D30: 2026-08-23 16:49 | E30: 2026-08-23 17:00 | F30: 1
A31: SHP-60033 | B31: Portland | C31: 2026-08-14 13:00-15:00 | D31: 2026-08-14 14:29 | E31: 2026-08-14 15:00 | F31: 1
A32: SHP-60034 | B32: Portland | C32: 2026-08-09 PM | D32: 2026-08-09 16:22 | E32: 2026-08-09 17:00 | F32: 1
A33: SHP-60035 | B33: Portland | C33: 2026-08-07 AM | D33: 2026-08-07 11:07 | E33: 2026-08-07 12:00 | F33: 1
A34: SHP-60036 | B34: Portland | C34: 2026-08-13 08:00-10:00 | D34: 2026-08-13 08:10 | E34: 2026-08-13 10:00 | F34: 1
A35: SHP-60037 | B35: Portland | C35: 2026-08-13 AM | D35: 2026-08-13 12:37 | E35: 2026-08-13 12:00 | F35: 0 | G35: Address
A36: SHP-60038 | B36: Portland | C36: 2026-08-11 AM | D36: 2026-08-11 09:34 | E36: 2026-08-11 12:00 | F36: 1
A37: SHP-60039 | B37: Portland | C37: 2026-08-12 All day | D37: 2026-08-12 16:26 | E37: 2026-08-12 17:00 | F37: 1
A38: SHP-60040 | B38: Portland | C38: 2026-08-07 All day | D38: 2026-08-07 17:48 | E38: 2026-08-07 17:00 | F38: 0 | G38: Weather
A39: SHP-60041 | B39: Portland | C39: 2026-08-26 13:00-15:00 | D39: 2026-08-26 15:14 | E39: 2026-08-26 15:00 | F39: 0 | G39: Mechanical
A40: SHP-60042 | B40: Portland | C40: 2026-08-08 08:00-10:00 | D40: 2026-08-08 08:26 | E40: 2026-08-08 10:00 | F40: 1
A41: SHP-60043 | B41: Portland | C41: 2026-08-12 AM | D41: 2026-08-12 09:43 | E41: 2026-08-12 12:00 | F41: 1
A42: SHP-60044 | B42: Portland | C42: 2026-08-16 08:00-10:00 | D42: 2026-08-16 08:17 | E42: 2026-08-16 10:00 | F42: 1
A43: SHP-60045 | B43: Portland | C43: 2026-08-18 All day | D43: 2026-08-18 20:54 | E43: 2026-08-18 17:00 | F43: 0 | G43: Weather
A44: SHP-60046 | B44: Portland | C44: 2026-08-06 08:00-10:00 | D44: 2026-08-06 12:52 | E44: 2026-08-06 10:00 | F44: 0 | G44: Customer
A45: SHP-60047 | B45: Portland | C45: 2026-08-16 13:00-15:00 | D45: 2026-08-16 13:05 | E45: 2026-08-16 15:00 | F45: 1
A46: SHP-60048 | B46: Portland | C46: 2026-08-26 08:00-10:00 | D46: 2026-08-26 08:34 | E46: 2026-08-26 10:00 | F46: 1
A47: SHP-60049 | B47: Portland | C47: 2026-08-23 PM | D47: 2026-08-23 19:29 | E47: 2026-08-23 17:00 | F47: 0 | G47: Address
A48: SHP-60050 | B48: Portland | C48: 2026-08-05 AM | D48: 2026-08-05 09:33 | E48: 2026-08-05 12:00 | F48: 1
A49: SHP-60051 | B49: Portland | C49: 2026-08-26 PM | D49: 2026-08-26 13:13 | E49: 2026-08-26 17:00 | F49: 1
A50: SHP-60052 | B50: Portland | C50: 2026-08-03 13:00-15:00 | D50: 2026-08-03 14:01 | E50: 2026-08-03 15:00 | F50: 1
A51: SHP-60053 | B51: Portland | C51: 2026-08-19 All day | D51: 2026-08-19 09:34 | E51: 2026-08-19 17:00 | F51: 1
A52: SHP-60054 | B52: Portland | C52: 2026-08-28 13:00-15:00 | D52: 2026-08-28 14:44 | E52: 2026-08-28 15:00 | F52: 1
A53: SHP-60055 | B53: Portland | C53: 2026-08-05 13:00-15:00 | D53: 2026-08-05 13:46 | E53: 2026-08-05 15:00 | F53: 1
A54: SHP-60056 | B54: Portland | C54: 2026-08-21 08:00-10:00 | D54: 2026-08-21 12:56 | E54: 2026-08-21 10:00 | F54: 0 | G54: Mechanical
A55: SHP-60057 | B55: Portland | C55: 2026-08-09 13:00-15:00 | D55: 2026-08-09 13:04 | E55: 2026-08-09 15:00 | F55: 1
A56: SHP-60058 | B56: Portland | C56: 2026-08-25 AM | D56: 2026-08-25 15:24 | E56: 2026-08-25 12:00 | F56: 0 | G56: Address
A57: SHP-60059 | B57: Portland | C57: 2026-08-27 13:00-15:00 | D57: 2026-08-27 16:36 | E57: 2026-08-27 15:00 | F57: 0 | G57: Customer
A58: SHP-60060 | B58: Portland | C58: 2026-08-18 AM | D58: 2026-08-18 08:58 | E58: 2026-08-18 12:00 | F58: 1
A59: SHP-60061 | B59: Portland | C59: 2026-08-23 PM | D59: 2026-08-23 14:20 | E59: 2026-08-23 17:00 | F59: 1
A60: SHP-60062 | B60: Portland | C60: 2026-08-07 All day | D60: 2026-08-07 14:03 | E60: 2026-08-07 17:00 | F60: 1
A61: SHP-60063 | B61: Portland | C61: 2026-08-15 13:00-15:00 | D61: 2026-08-15 16:35 | E61: 2026-08-15 15:00 | F61: 0 | G61: Not recorded
A62: SHP-60064 | B62: Portland | C62: 2026-08-06 PM | D62: 2026-08-06 13:55 | E62: 2026-08-06 17:00 | F62: 1
A63: SHP-60065 | B63: Portland | C63: 2026-08-21 PM | D63: 2026-08-21 13:14 | E63: 2026-08-21 17:00 | F63: 1
A64: SHP-60066 | B64: Portland | C64: 2026-08-18 All day | D64: 2026-08-18 16:12 | E64: 2026-08-18 17:00 | F64: 1
A65: SHP-60067 | B65: Portland | C65: 2026-08-18 13:00-15:00 | D65: 2026-08-18 13:36 | E65: 2026-08-18 15:00 | F65: 1
A66: SHP-60068 | B66: Portland | C66: 2026-08-22 All day | D66: 2026-08-22 10:02 | E66: 2026-08-22 17:00 | F66: 1
A67: SHP-60069 | B67: Portland | C67: 2026-08-13 AM | D67: 2026-08-13 11:42 | E67: 2026-08-13 12:00 | F67: 1
A68: SHP-60070 | B68: Portland | C68: 2026-08-04 08:00-10:00 | D68: 2026-08-04 09:30 | E68: 2026-08-04 10:00 | F68: 1
A69: SHP-60072 | B69: Portland | C69: 2026-08-21 13:00-15:00 | D69: 2026-08-21 14:38 | E69: 2026-08-21 15:00 | F69: 1
A70: SHP-60073 | B70: Portland | C70: 2026-08-28 AM | D70: 2026-08-28 11:41 | E70: 2026-08-28 12:00 | F70: 1
A71: SHP-60074 | B71: Portland | C71: 2026-08-05 AM | D71: 2026-08-05 08:30 | E71: 2026-08-05 12:00 | F71: 1
A72: SHP-60075 | B72: Portland | C72: 2026-08-12 AM | D72: 2026-08-12 09:02 | E72: 2026-08-12 12:00 | F72: 1
A73: SHP-60077 | B73: Portland | C73: 2026-08-14 13:00-15:00 | D73: 2026-08-14 13:49 | E73: 2026-08-14 15:00 | F73: 1
A74: SHP-60078 | B74: Portland | C74: 2026-08-19 All day | D74: 2026-08-19 19:19 | E74: 2026-08-19 17:00 | F74: 0 | G74: Route volume
A75: SHP-60079 | B75: Portland | C75: 2026-08-27 All day | D75: 2026-08-27 13:18 | E75: 2026-08-27 17:00 | F75: 1
A76: SHP-60080 | B76: Portland | C76: 2026-08-27 13:00-15:00 | D76: 2026-08-27 14:06 | E76: 2026-08-27 15:00 | F76: 1
A77: SHP-60085 | B77: Portland | C77: 2026-08-05 08:00-10:00 | D77: 2026-08-05 08:41 | E77: 2026-08-05 10:00 | F77: 1
A78: SHP-60086 | B78: Portland | C78: 2026-08-27 08:00-10:00 | D78: 2026-08-27 09:42 | E78: 2026-08-27 10:00 | F78: 1
A79: SHP-60087 | B79: Portland | C79: 2026-08-04 13:00-15:00 | D79: 2026-08-04 13:29 | E79: 2026-08-04 15:00 | F79: 1
A80: SHP-60089 | B80: Portland | C80: 2026-08-04 AM | D80: 2026-08-04 08:29 | E80: 2026-08-04 12:00 | F80: 1
A81: SHP-60091 | B81: Portland | C81: 2026-08-28 PM | D81: 2026-08-28 13:41 | E81: 2026-08-28 17:00 | F81: 1
A82: SHP-60092 | B82: Portland | C82: 2026-08-22 AM | D82: 2026-08-22 11:49 | E82: 2026-08-22 12:00 | F82: 1
A83: SHP-60093 | B83: Portland | C83: 2026-08-04 13:00-15:00 | D83: 2026-08-04 13:08 | E83: 2026-08-04 15:00 | F83: 1
A84: SHP-60094 | B84: Portland | C84: 2026-08-03 PM | D84: 2026-08-03 13:56 | E84: 2026-08-03 17:00 | F84: 1
A85: SHP-60095 | B85: Portland | C85: 2026-08-06 08:00-10:00 | D85: 2026-08-06 12:09 | E85: 2026-08-06 10:00 | F85: 0 | G85: Address
A86: SHP-60096 | B86: Portland | C86: 2026-08-09 08:00-10:00 | D86: 2026-08-09 09:18 | E86: 2026-08-09 10:00 | F86: 1
A87: SHP-60097 | B87: Portland | C87: 2026-08-04 AM | D87: 2026-08-04 14:37 | E87: 2026-08-04 12:00 | F87: 0 | G87: Customer
A88: SHP-60098 | B88: Portland | C88: 2026-08-23 All day | D88: 2026-08-23 10:17 | E88: 2026-08-23 17:00 | F88: 1
A89: SHP-60099 | B89: Portland | C89: 2026-08-24 AM | D89: 2026-08-24 09:04 | E89: 2026-08-24 12:00 | F89: 1
A90: SHP-60100 | B90: Portland | C90: 2026-08-15 PM | D90: 2026-08-15 17:34 | E90: 2026-08-15 17:00 | F90: 0 | G90: Mechanical
A91: SHP-60101 | B91: Portland | C91: 2026-08-19 AM | D91: 2026-08-19 09:37 | E91: 2026-08-19 12:00 | F91: 1
A92: SHP-60102 | B92: Portland | C92: 2026-08-28 AM | D92: 2026-08-28 09:21 | E92: 2026-08-28 12:00 | F92: 1
A93: SHP-60103 | B93: Portland | C93: 2026-08-27 08:00-10:00 | D93: 2026-08-27 09:04 | E93: 2026-08-27 10:00 | F93: 1
A94: SHP-60104 | B94: Portland | C94: 2026-08-28 08:00-10:00 | D94: 2026-08-28 09:28 | E94: 2026-08-28 10:00 | F94: 1
A95: SHP-60105 | B95: Portland | C95: 2026-08-04 AM | D95: 2026-08-04 14:18 | E95: 2026-08-04 12:00 | F95: 0 | G95: Address
A96: SHP-60106 | B96: Portland | C96: 2026-08-19 AM | D96: 2026-08-19 08:32 | E96: 2026-08-19 12:00 | F96: 1
A97: SHP-60107 | B97: Portland | C97: 2026-08-05 PM | D97: 2026-08-05 12:40 | E97: 2026-08-05 17:00 | F97: 1
A98: SHP-60108 | B98: Portland | C98: 2026-08-16 All day | D98: 2026-08-16 11:59 | E98: 2026-08-16 17:00 | F98: 1
A99: SHP-60109 | B99: Portland | C99: 2026-08-07 AM | D99: 2026-08-07 10:03 | E99: 2026-08-07 12:00 | F99: 1
A100: SHP-60110 | B100: Portland | C100: 2026-08-06 AM | D100: 2026-08-06 08:06 | E100: 2026-08-06 12:00 | F100: 1
...

Sheet Report
A1: Hub | B1: Shipments delivered | C1: On time | D1: Late | E1: On-time %
A2: Portland | B2: =COUNTIF(Data!$B$2:$B$341,$A2) | C2: =SUMIF(Data!$B$2:$B$341,$A2,Data!$F$2:$F$341) | D2: =B2-C2 | E2: =IF(B2=0,"n/a",ROUND(C2/B2,4))
A3: Denver | B3: =COUNTIF(Data!$B$2:$B$341,$A3) | C3: =SUMIF(Data!$B$2:$B$341,$A3,Data!$F$2:$F$341) | D3: =B3-C3 | E3: =IF(B3=0,"n/a",ROUND(C3/B3,4))
A4: Austin | B4: =COUNTIF(Data!$B$2:$B$341,$A4) | C4: =SUMIF(Data!$B$2:$B$341,$A4,Data!$F$2:$F$341) | D4: =B4-C4 | E4: =IF(B4=0,"n/a",ROUND(C4/B4,4))
A5: Total - all hubs | B5: =SUM(B2:B4) | C5: =SUM(C2:C4) | D5: =SUM(D2:D4) | E5: =IF(B5=0,"n/a",ROUND(C5/B5,4))
A7: Why the late ones were late | B7: Shipments
A8: Weather | B8: =COUNTIF(Data!$G$2:$G$341,$A8)
A9: Mechanical | B9: =COUNTIF(Data!$G$2:$G$341,$A9)
A10: Customer | B10: =COUNTIF(Data!$G$2:$G$341,$A10)
A11: Address | B11: =COUNTIF(Data!$G$2:$G$341,$A11)
A12: Route volume | B12: =COUNTIF(Data!$G$2:$G$341,$A12)
A13: Not recorded | B13: =COUNTIF(Data!$G$2:$G$341,$A13)
A14: Total late | B14: =SUM(B8:B13)
A16: On time means the last piece of the shipment landed inside the promised window, in hub local time. Attempted, refused and cancelled stops are not deliveries.
