Workbook

Sheet Summary
A1: Channel | B1: 2026-04 | C1: 2026-05 | D1: 2026-06 | E1: Q2 spend (USD) | F1: Leads | G1: Cost per lead
A2: Google Ads | B2: =SUMIFS(Spend!$G$2:$G$33,Spend!$B$2:$B$33,$A2,Spend!$A$2:$A$33,B$1) | C2: =SUMIFS(Spend!$G$2:$G$33,Spend!$B$2:$B$33,$A2,Spend!$A$2:$A$33,C$1) | D2: =SUMIFS(Spend!$G$2:$G$33,Spend!$B$2:$B$33,$A2,Spend!$A$2:$A$33,D$1) | E2: =ROUND(SUM(B2:D2),2) | F2: =COUNTIF(Leads!$D$2:$D$254,$A2) | G2: =IF(F2=0,"n/a",ROUND(E2/F2,2))
A3: Meta Ads | B3: =SUMIFS(Spend!$G$2:$G$33,Spend!$B$2:$B$33,$A3,Spend!$A$2:$A$33,B$1) | C3: =SUMIFS(Spend!$G$2:$G$33,Spend!$B$2:$B$33,$A3,Spend!$A$2:$A$33,C$1) | D3: =SUMIFS(Spend!$G$2:$G$33,Spend!$B$2:$B$33,$A3,Spend!$A$2:$A$33,D$1) | E3: =ROUND(SUM(B3:D3),2) | F3: =COUNTIF(Leads!$D$2:$D$254,$A3) | G3: =IF(F3=0,"n/a",ROUND(E3/F3,2))
A4: LinkedIn Ads | B4: =SUMIFS(Spend!$G$2:$G$33,Spend!$B$2:$B$33,$A4,Spend!$A$2:$A$33,B$1) | C4: =SUMIFS(Spend!$G$2:$G$33,Spend!$B$2:$B$33,$A4,Spend!$A$2:$A$33,C$1) | D4: =SUMIFS(Spend!$G$2:$G$33,Spend!$B$2:$B$33,$A4,Spend!$A$2:$A$33,D$1) | E4: =ROUND(SUM(B4:D4),2) | F4: =COUNTIF(Leads!$D$2:$D$254,$A4) | G4: =IF(F4=0,"n/a",ROUND(E4/F4,2))
A5: Yelp Ads | B5: =SUMIFS(Spend!$G$2:$G$33,Spend!$B$2:$B$33,$A5,Spend!$A$2:$A$33,B$1) | C5: =SUMIFS(Spend!$G$2:$G$33,Spend!$B$2:$B$33,$A5,Spend!$A$2:$A$33,C$1) | D5: =SUMIFS(Spend!$G$2:$G$33,Spend!$B$2:$B$33,$A5,Spend!$A$2:$A$33,D$1) | E5: =ROUND(SUM(B5:D5),2) | F5: =COUNTIF(Leads!$D$2:$D$254,$A5) | G5: =IF(F5=0,"n/a",ROUND(E5/F5,2))
A6: Nextdoor | B6: =SUMIFS(Spend!$G$2:$G$33,Spend!$B$2:$B$33,$A6,Spend!$A$2:$A$33,B$1) | C6: =SUMIFS(Spend!$G$2:$G$33,Spend!$B$2:$B$33,$A6,Spend!$A$2:$A$33,C$1) | D6: =SUMIFS(Spend!$G$2:$G$33,Spend!$B$2:$B$33,$A6,Spend!$A$2:$A$33,D$1) | E6: =ROUND(SUM(B6:D6),2) | F6: =COUNTIF(Leads!$D$2:$D$254,$A6) | G6: =IF(F6=0,"n/a",ROUND(E6/F6,2))
A7: Direct Mail | B7: =SUMIFS(Spend!$G$2:$G$33,Spend!$B$2:$B$33,$A7,Spend!$A$2:$A$33,B$1) | C7: =SUMIFS(Spend!$G$2:$G$33,Spend!$B$2:$B$33,$A7,Spend!$A$2:$A$33,C$1) | D7: =SUMIFS(Spend!$G$2:$G$33,Spend!$B$2:$B$33,$A7,Spend!$A$2:$A$33,D$1) | E7: =ROUND(SUM(B7:D7),2) | F7: =COUNTIF(Leads!$D$2:$D$254,$A7) | G7: =IF(F7=0,"n/a",ROUND(E7/F7,2))
A8: Total | B8: =ROUND(SUM(B2:B7),2) | C8: =ROUND(SUM(C2:C7),2) | D8: =ROUND(SUM(D2:D7),2) | E8: =ROUND(SUM(E2:E7),2) | F8: =SUM(F2:F7) | G8: =IF(F8=0,"n/a",ROUND(E8/F8,2))
A10: Spend in USD; LinkedIn converted from EUR at 1.08. Leads are CRM leads created April-June 2026 excluding Spam and Test. Direct Mail had no tracked leads.

Sheet Spend
A1: month | B1: channel | C1: campaign | D1: currency | E1: spend_native | F1: rate_to_usd | G1: spend_usd
A2: 2026-04 | B2: Google Ads | C2: Brand search | D2: USD | E2: 2492.14 | F2: 1 | G2: 2492.14
A3: 2026-04 | B3: Google Ads | C3: AC repair - Portland | D3: USD | E3: 3535.51 | F3: 1 | G3: 3535.51
A4: 2026-04 | B4: Google Ads | C4: Furnace tune-up | D4: USD | E4: 2212.27 | F4: 1 | G4: 2212.27
A5: 2026-05 | B5: Google Ads | C5: AC repair - Portland | D5: USD | E5: 3583.68 | F5: 1 | G5: 3583.68
A6: 2026-05 | B6: Google Ads | C6: Heat pump rebate | D6: USD | E6: 3332.07 | F6: 1 | G6: 3332.07
A7: 2026-06 | B7: Google Ads | C7: Furnace tune-up | D7: USD | E7: 3779.25 | F7: 1 | G7: 3779.25
A8: 2026-06 | B8: Google Ads | C8: Brand search | D8: USD | E8: 4298.6 | F8: 1 | G8: 4298.6
A9: 2026-04 | B9: Meta Ads | C9: Lead form - IG | D9: USD | E9: 1054.84 | F9: 1 | G9: 1054.84
A10: 2026-04 | B10: Meta Ads | C10: Summer AC promo | D10: USD | E10: 1254.38 | F10: 1 | G10: 1254.38
A11: 2026-04 | B11: Meta Ads | C11: Retargeting | D11: USD | E11: 1595.54 | F11: 1 | G11: 1595.54
A12: 2026-05 | B12: Meta Ads | C12: Retargeting | D12: USD | E12: 2059.88 | F12: 1 | G12: 2059.88
A13: 2026-05 | B13: Meta Ads | C13: Lead form - IG | D13: USD | E13: 1655.28 | F13: 1 | G13: 1655.28
... A33: 2026-05 | B33: Direct Mail | C33: Spring mailer - 8,000 pcs | D33: USD | E33: 4347.81 | F33: 1 | G33: 4347.81

Sheet Leads
A1: lead_id | B1: created | C1: month | D1: channel | E1: status
A2: L-40225 | B2: 46113 | C2: 2026-04 | D2: Google Ads | E2: New
A3: L-40354 | B3: 46113 | C3: 2026-04 | D3: Meta Ads | E3: Contacted
A4: L-40438 | B4: 46114 | C4: 2026-04 | D4: Yelp Ads | E4: Lost
A5: L-40246 | B5: 46114 | C5: 2026-04 | D5: Google Ads | E5: Lost
A6: L-40228 | B6: 46114 | C6: 2026-04 | D6: Google Ads | E6: Lost
A7: L-40235 | B7: 46114 | C7: 2026-04 | D7: Google Ads | E7: Lost
A8: L-40214 | B8: 46114 | C8: 2026-04 | D8: Google Ads | E8: Won
A9: L-40251 | B9: 46114 | C9: 2026-04 | D9: Google Ads | E9: Lost
A10: L-40343 | B10: 46115 | C10: 2026-04 | D10: Meta Ads | E10: Quoted
A11: L-40255 | B11: 46115 | C11: 2026-04 | D11: Google Ads | E11: Lost
A12: L-40223 | B12: 46115 | C12: 2026-04 | D12: Google Ads | E12: Quoted
A13: L-40236 | B13: 46115 | C13: 2026-04 | D13: Google Ads | E13: Contacted
... A254: L-40311 | B254: 46203 | C254: 2026-06 | D254: Google Ads | E254: New
