Workbook

Sheet Menu
A1: Dish | B1: Plate cost | C1: Menu price | D1: Gross margin | E1: Margin % | F1: Food cost %
A2: Seared Salmon | B2: =SUMIF(Lines!$A$2:$A$40,A2,Lines!$G$2:$G$40) | C2: 28.5 | D2: =C2-B2 | E2: =ROUND(D2/C2,4) | F2: =ROUND(B2/C2,4)
A3: Smash Burger | B3: =SUMIF(Lines!$A$2:$A$40,A3,Lines!$G$2:$G$40) | C3: 15 | D3: =C3-B3 | E3: =ROUND(D3/C3,4) | F3: =ROUND(B3/C3,4)
A4: Mushroom Risotto | B4: =SUMIF(Lines!$A$2:$A$40,A4,Lines!$G$2:$G$40) | C4: 18 | D4: =C4-B4 | E4: =ROUND(D4/C4,4) | F4: =ROUND(B4/C4,4)
A5: Chicken Linguine | B5: =SUMIF(Lines!$A$2:$A$40,A5,Lines!$G$2:$G$40) | C5: 21.5 | D5: =C5-B5 | E5: =ROUND(D5/C5,4) | F5: =ROUND(B5/C5,4)
A6: Margherita Flatbread | B6: =SUMIF(Lines!$A$2:$A$40,A6,Lines!$G$2:$G$40) | C6: 15 | D6: =C6-B6 | E6: =ROUND(D6/C6,4) | F6: =ROUND(B6/C6,4)
A7: Crispy Chicken Sandwich | B7: =SUMIF(Lines!$A$2:$A$40,A7,Lines!$G$2:$G$40) | C7: 15 | D7: =C7-B7 | E7: =ROUND(D7/C7,4) | F7: =ROUND(B7/C7,4)
A8: Caesar Salad | B8: =SUMIF(Lines!$A$2:$A$40,A8,Lines!$G$2:$G$40) | C8: 13 | D8: =C8-B8 | E8: =ROUND(D8/C8,4) | F8: =ROUND(B8/C8,4)

Sheet Lines
A1: Dish | B1: Ingredient | C1: Qty on card | D1: Unit | E1: Qty (g/ml/each) | F1: Usable cost per unit | G1: Line cost
A2: Seared Salmon | B2: Salmon side | C2: 205 | D2: g | E2: =IF(D2="kg",C2*1000,IF(D2="L",C2*1000,C2)) | F2: =VLOOKUP(B2,Prices!$A$2:$H$26,8,FALSE) | G2: =E2*F2
A3: Seared Salmon | B3: Russet potatoes | C3: 0.2 | D3: kg | E3: =IF(D3="kg",C3*1000,IF(D3="L",C3*1000,C3)) | F3: =VLOOKUP(B3,Prices!$A$2:$H$26,8,FALSE) | G3: =E3*F3
A4: Seared Salmon | B4: Butter | C4: 20 | D4: g | E4: =IF(D4="kg",C4*1000,IF(D4="L",C4*1000,C4)) | F4: =VLOOKUP(B4,Prices!$A$2:$H$26,8,FALSE) | G4: =E4*F4
A5: Seared Salmon | B5: Lemon | C5: 0.5 | D5: each | E5: =IF(D5="kg",C5*1000,IF(D5="L",C5*1000,C5)) | F5: =VLOOKUP(B5,Prices!$A$2:$H$26,8,FALSE) | G5: =E5*F5
A6: Seared Salmon | B6: Parsley | C6: 5 | D6: g | E6: =IF(D6="kg",C6*1000,IF(D6="L",C6*1000,C6)) | F6: =VLOOKUP(B6,Prices!$A$2:$H$26,8,FALSE) | G6: =E6*F6
A7: Smash Burger | B7: Ground beef | C7: 185 | D7: g | E7: =IF(D7="kg",C7*1000,IF(D7="L",C7*1000,C7)) | F7: =VLOOKUP(B7,Prices!$A$2:$H$26,8,FALSE) | G7: =E7*F7
A8: Smash Burger | B8: Brioche bun | C8: 1 | D8: each | E8: =IF(D8="kg",C8*1000,IF(D8="L",C8*1000,C8)) | F8: =VLOOKUP(B8,Prices!$A$2:$H$26,8,FALSE) | G8: =E8*F8
A9: Smash Burger | B9: Cheddar slices | C9: 40 | D9: g | E9: =IF(D9="kg",C9*1000,IF(D9="L",C9*1000,C9)) | F9: =VLOOKUP(B9,Prices!$A$2:$H$26,8,FALSE) | G9: =E9*F9
A10: Smash Burger | B10: Yellow onion | C10: 30 | D10: g | E10: =IF(D10="kg",C10*1000,IF(D10="L",C10*1000,C10)) | F10: =VLOOKUP(B10,Prices!$A$2:$H$26,8,FALSE) | G10: =E10*F10
A11: Smash Burger | B11: Russet potatoes | C11: 245 | D11: g | E11: =IF(D11="kg",C11*1000,IF(D11="L",C11*1000,C11)) | F11: =VLOOKUP(B11,Prices!$A$2:$H$26,8,FALSE) | G11: =E11*F11
A12: Smash Burger | B12: Canola oil | C12: 40 | D12: ml | E12: =IF(D12="kg",C12*1000,IF(D12="L",C12*1000,C12)) | F12: =VLOOKUP(B12,Prices!$A$2:$H$26,8,FALSE) | G12: =E12*F12
A13: Mushroom Risotto | B13: Arborio rice | C13: 90 | D13: g | E13: =IF(D13="kg",C13*1000,IF(D13="L",C13*1000,C13)) | F13: =VLOOKUP(B13,Prices!$A$2:$H$26,8,FALSE) | G13: =E13*F13
... A40: Caesar Salad | B40: Garlic | C40: 5 | D40: g | E40: =IF(D40="kg",C40*1000,IF(D40="L",C40*1000,C40)) | F40: =VLOOKUP(B40,Prices!$A$2:$H$26,8,FALSE) | G40: =E40*F40

Sheet Prices
A1: Ingredient | B1: Harbor description | C1: Pack | D1: Pack size (g/ml/each) | E1: Unit | F1: Cost per unit | G1: Trim loss | H1: Usable cost per unit | I1: Pack price (Sept)
A2: Salmon side | B2: Salmon side, skin-on, fresh | C2: 5 KG | D2: 5000 | E2: g | F2: =I2/D2 | G2: 0.3 | H2: =F2/(1-G2) | I2: 158.19
A3: Russet potatoes | B3: Russet potatoes | C3: 20 KG SACK | D3: 20000 | E3: g | F3: =I3/D3 | G3: 0.15 | H3: =F3/(1-G3) | I3: 30.51
A4: Butter | B4: Butter, unsalted | C4: 2 KG | D4: 2000 | E4: g | F4: =I4/D4 | G4: 0 | H4: =F4/(1-G4) | I4: 19.44
A5: Lemon | B5: Lemons | C5: EA | D5: 1 | E5: each | F5: =I5/D5 | G5: 0 | H5: =F5/(1-G5) | I5: 0.58
A6: Parsley | B6: Flat-leaf parsley | C6: 1 KG | D6: 1000 | E6: g | F6: =I6/D6 | G6: 0.35 | H6: =F6/(1-G6) | I6: 12.14
A7: Ground beef | B7: Ground beef 80/20 | C7: 5 KG | D7: 5000 | E7: g | F7: =I7/D7 | G7: 0 | H7: =F7/(1-G7) | I7: 62.73
A8: Brioche bun | B8: Brioche buns 4.5in | C8: CS/12 | D8: 12 | E8: each | F8: =I8/D8 | G8: 0 | H8: =F8/(1-G8) | I8: 9.75
A9: Cheddar slices | B9: Cheddar, sliced | C9: 2.5 KG | D9: 2500 | E9: g | F9: =I9/D9 | G9: 0 | H9: =F9/(1-G9) | I9: 30.45
A10: Yellow onion | B10: Yellow onions | C10: 10 KG SACK | D10: 10000 | E10: g | F10: =I10/D10 | G10: 0.1 | H10: =F10/(1-G10) | I10: 14.07
A11: Canola oil | B11: Canola oil | C11: 15 L JUG | D11: 15000 | E11: ml | F11: =I11/D11 | G11: 0 | H11: =F11/(1-G11) | I11: 40.36
A12: Arborio rice | B12: Arborio rice | C12: 5 KG | D12: 5000 | E12: g | F12: =I12/D12 | G12: 0 | H12: =F12/(1-G12) | I12: 30.4
A13: Cremini mushrooms | B13: Cremini mushrooms | C13: 2.5 KG | D13: 2500 | E13: g | F13: =I13/D13 | G13: 0 | H13: =F13/(1-G13) | I13: 24.19
... A26: Mixed greens | B26: Mixed greens | C26: 1.5 KG | D26: 1500 | E26: g | F26: =I26/D26 | G26: 0 | H26: =F26/(1-G26) | I26: 15.92
