Workbook

Sheet Summary
A1: Month | B1: US web store (USD) | C1: EU marketplace (EUR) | D1: EU marketplace (USD) | E1: UK stockists (GBP) | F1: UK stockists (USD) | G1: Total (USD) | H1: Flag
A2: 2026-01 | B2: =ROUND(SUMIFS(Sales!$E$2:$E$612,Sales!$D$2:$D$612,$A2,Sales!$B$2:$B$612,"USD"),2) | C2: =ROUND(SUMIFS(Sales!$E$2:$E$612,Sales!$D$2:$D$612,$A2,Sales!$B$2:$B$612,"EUR"),2) | D2: =ROUND(C2*VLOOKUP($A2,Rates!$A$2:$C$7,2,FALSE),2) | E2: =ROUND(SUMIFS(Sales!$E$2:$E$612,Sales!$D$2:$D$612,$A2,Sales!$B$2:$B$612,"GBP"),2) | F2: =IF(COUNTIFS(Rates!$A$2:$A$7,$A2,Rates!$C$2:$C$7,">0")=0,"rate missing",ROUND(E2*VLOOKUP($A2,Rates!$A$2:$C$7,3,FALSE),2)) | G2: =SUM(B2,D2,F2) | H2: =IF(COUNTIFS(Rates!$A$2:$A$7,$A2,Rates!$C$2:$C$7,">0")=0,"GBP average rate missing for this month - pounds not converted and not in the total","")
A3: 2026-02 | B3: =ROUND(SUMIFS(Sales!$E$2:$E$612,Sales!$D$2:$D$612,$A3,Sales!$B$2:$B$612,"USD"),2) | C3: =ROUND(SUMIFS(Sales!$E$2:$E$612,Sales!$D$2:$D$612,$A3,Sales!$B$2:$B$612,"EUR"),2) | D3: =ROUND(C3*VLOOKUP($A3,Rates!$A$2:$C$7,2,FALSE),2) | E3: =ROUND(SUMIFS(Sales!$E$2:$E$612,Sales!$D$2:$D$612,$A3,Sales!$B$2:$B$612,"GBP"),2) | F3: =IF(COUNTIFS(Rates!$A$2:$A$7,$A3,Rates!$C$2:$C$7,">0")=0,"rate missing",ROUND(E3*VLOOKUP($A3,Rates!$A$2:$C$7,3,FALSE),2)) | G3: =SUM(B3,D3,F3) | H3: =IF(COUNTIFS(Rates!$A$2:$A$7,$A3,Rates!$C$2:$C$7,">0")=0,"GBP average rate missing for this month - pounds not converted and not in the total","")
A4: 2026-03 | B4: =ROUND(SUMIFS(Sales!$E$2:$E$612,Sales!$D$2:$D$612,$A4,Sales!$B$2:$B$612,"USD"),2) | C4: =ROUND(SUMIFS(Sales!$E$2:$E$612,Sales!$D$2:$D$612,$A4,Sales!$B$2:$B$612,"EUR"),2) | D4: =ROUND(C4*VLOOKUP($A4,Rates!$A$2:$C$7,2,FALSE),2) | E4: =ROUND(SUMIFS(Sales!$E$2:$E$612,Sales!$D$2:$D$612,$A4,Sales!$B$2:$B$612,"GBP"),2) | F4: =IF(COUNTIFS(Rates!$A$2:$A$7,$A4,Rates!$C$2:$C$7,">0")=0,"rate missing",ROUND(E4*VLOOKUP($A4,Rates!$A$2:$C$7,3,FALSE),2)) | G4: =SUM(B4,D4,F4) | H4: =IF(COUNTIFS(Rates!$A$2:$A$7,$A4,Rates!$C$2:$C$7,">0")=0,"GBP average rate missing for this month - pounds not converted and not in the total","")
A5: 2026-04 | B5: =ROUND(SUMIFS(Sales!$E$2:$E$612,Sales!$D$2:$D$612,$A5,Sales!$B$2:$B$612,"USD"),2) | C5: =ROUND(SUMIFS(Sales!$E$2:$E$612,Sales!$D$2:$D$612,$A5,Sales!$B$2:$B$612,"EUR"),2) | D5: =ROUND(C5*VLOOKUP($A5,Rates!$A$2:$C$7,2,FALSE),2) | E5: =ROUND(SUMIFS(Sales!$E$2:$E$612,Sales!$D$2:$D$612,$A5,Sales!$B$2:$B$612,"GBP"),2) | F5: =IF(COUNTIFS(Rates!$A$2:$A$7,$A5,Rates!$C$2:$C$7,">0")=0,"rate missing",ROUND(E5*VLOOKUP($A5,Rates!$A$2:$C$7,3,FALSE),2)) | G5: =SUM(B5,D5,F5) | H5: =IF(COUNTIFS(Rates!$A$2:$A$7,$A5,Rates!$C$2:$C$7,">0")=0,"GBP average rate missing for this month - pounds not converted and not in the total","")
A6: 2026-05 | B6: =ROUND(SUMIFS(Sales!$E$2:$E$612,Sales!$D$2:$D$612,$A6,Sales!$B$2:$B$612,"USD"),2) | C6: =ROUND(SUMIFS(Sales!$E$2:$E$612,Sales!$D$2:$D$612,$A6,Sales!$B$2:$B$612,"EUR"),2) | D6: =ROUND(C6*VLOOKUP($A6,Rates!$A$2:$C$7,2,FALSE),2) | E6: =ROUND(SUMIFS(Sales!$E$2:$E$612,Sales!$D$2:$D$612,$A6,Sales!$B$2:$B$612,"GBP"),2) | F6: =IF(COUNTIFS(Rates!$A$2:$A$7,$A6,Rates!$C$2:$C$7,">0")=0,"rate missing",ROUND(E6*VLOOKUP($A6,Rates!$A$2:$C$7,3,FALSE),2)) | G6: =SUM(B6,D6,F6) | H6: =IF(COUNTIFS(Rates!$A$2:$A$7,$A6,Rates!$C$2:$C$7,">0")=0,"GBP average rate missing for this month - pounds not converted and not in the total","")
A7: 2026-06 | B7: =ROUND(SUMIFS(Sales!$E$2:$E$612,Sales!$D$2:$D$612,$A7,Sales!$B$2:$B$612,"USD"),2) | C7: =ROUND(SUMIFS(Sales!$E$2:$E$612,Sales!$D$2:$D$612,$A7,Sales!$B$2:$B$612,"EUR"),2) | D7: =ROUND(C7*VLOOKUP($A7,Rates!$A$2:$C$7,2,FALSE),2) | E7: =ROUND(SUMIFS(Sales!$E$2:$E$612,Sales!$D$2:$D$612,$A7,Sales!$B$2:$B$612,"GBP"),2) | F7: =IF(COUNTIFS(Rates!$A$2:$A$7,$A7,Rates!$C$2:$C$7,">0")=0,"rate missing",ROUND(E7*VLOOKUP($A7,Rates!$A$2:$C$7,3,FALSE),2)) | G7: =SUM(B7,D7,F7) | H7: =IF(COUNTIFS(Rates!$A$2:$A$7,$A7,Rates!$C$2:$C$7,">0")=0,"GBP average rate missing for this month - pounds not converted and not in the total","")
A8: H1 total | B8: =SUM(B2:B7) | C8: =SUM(C2:C7) | D8: =SUM(D2:D7) | E8: =SUM(E2:E7) | F8: =SUM(F2:F7) | G8: =SUM(G2:G7)

Sheet Sales
A1: reference | B1: currency | C1: sale date | D1: month | E1: amount
A2: #1454 | B2: USD | C2: 2026-01-01 | D2: 2026-01 | E2: 45.09
A3: #1455 | B3: USD | C3: 2026-01-02 | D3: 2026-01 | E3: 90.36
A4: #1456 | B4: USD | C4: 2026-01-03 | D4: 2026-01 | E4: 89.23
A5: #1457 | B5: USD | C5: 2026-01-03 | D5: 2026-01 | E5: 159.87
A6: #1458 | B6: USD | C6: 2026-01-04 | D6: 2026-01 | E6: 80.63
A7: #1459 | B7: USD | C7: 2026-01-04 | D7: 2026-01 | E7: 34.54
A8: #1460 | B8: USD | C8: 2026-01-06 | D8: 2026-01 | E8: 118.56
A9: #1461 | B9: USD | C9: 2026-01-07 | D9: 2026-01 | E9: 164.18
A10: #1462 | B10: USD | C10: 2026-01-07 | D10: 2026-01 | E10: 136.71
A11: #1463 | B11: USD | C11: 2026-01-07 | D11: 2026-01 | E11: 94.9
A12: #1464 | B12: USD | C12: 2026-01-08 | D12: 2026-01 | E12: 101.7
A13: #1465 | B13: USD | C13: 2026-01-08 | D13: 2026-01 | E13: 50.03
... A612: FB-UK-265 | B612: GBP | C612: 2026-06-30 | D612: 2026-06 | E612: 1666.74

Sheet Rates
A1: month | B1: USD per EUR | C1: USD per GBP
A2: 2026-01 | B2: 1.0818 | C2: 1.3026
A3: 2026-02 | B3: 1.0534 | C3: 1.3235
A4: 2026-03 | B4: 1.029 | C4: 1.3501
A5: 2026-04 | B5: 1.0069
A6: 2026-05 | B6: 0.9945 | C6: 1.2891
A7: 2026-06 | B7: 1.0174 | C7: 1.3151
