Workbook

Sheet Summary
A1: Category | B1: Net shrinkage at average cost
A2: Dog Food | B2: =SUMIF(Detail!$C$2:$C$56,A2,Detail!$H$2:$H$56)
A3: Cat Food | B3: =SUMIF(Detail!$C$2:$C$56,A3,Detail!$H$2:$H$56)
A4: Treats & Chews | B4: =SUMIF(Detail!$C$2:$C$56,A4,Detail!$H$2:$H$56)
A5: Toys | B5: =SUMIF(Detail!$C$2:$C$56,A5,Detail!$H$2:$H$56)
A6: Aquarium | B6: =SUMIF(Detail!$C$2:$C$56,A6,Detail!$H$2:$H$56)
A7: Grooming | B7: =SUMIF(Detail!$C$2:$C$56,A7,Detail!$H$2:$H$56)
A8: Total net shrinkage | B8: =SUM(B2:B7)
A10: Damaged, set aside before the count (not shrinkage) | B10: =SUM(Damage!E2:E5)

Sheet Detail
A1: SKU | B1: Item | C1: Category | D1: Expected at count | E1: Counted | F1: Avg cost | G1: Units short | H1: Shrink value
A2: DO-1040 | B2: Kibble Grain-Free Salmon 24lb | C2: Dog Food | D2: 37 | E2: 36 | F2: 41.63 | G2: =IF(E2="","not counted",D2-E2) | H2: =IF(E2="",0,G2*F2)
A3: DO-1047 | B3: Kibble Lamb & Rice 30lb | C3: Dog Food | D3: 25 | E3: 21 | F3: 36.46 | G3: =IF(E3="","not counted",D3-E3) | H3: =IF(E3="",0,G3*F3)
A4: DO-1054 | B4: Canned Beef Stew 13oz | C4: Dog Food | D4: 41 | E4: 43 | F4: 1.95 | G4: =IF(E4="","not counted",D4-E4) | H4: =IF(E4="",0,G4*F4)
A5: DO-1061 | B5: Senior Formula 15lb | C5: Dog Food | D5: 12 | E5: 11 | F5: 29.88 | G5: =IF(E5="","not counted",D5-E5) | H5: =IF(E5="",0,G5*F5)
A6: DO-1068 | B6: Puppy Chicken 12lb | C6: Dog Food | D6: 20 | E6: 20 | F6: 22.73 | G6: =IF(E6="","not counted",D6-E6) | H6: =IF(E6="",0,G6*F6)
A7: DO-1075 | B7: Raw Frozen Patties 6lb | C7: Dog Food | D7: 31 | E7: 31 | F7: 25.53 | G7: =IF(E7="","not counted",D7-E7) | H7: =IF(E7="",0,G7*F7)
A8: DO-1082 | B8: Limited Ingredient Duck 22lb | C8: Dog Food | D8: 36 | E8: 36 | F8: 47.57 | G8: =IF(E8="","not counted",D8-E8) | H8: =IF(E8="",0,G8*F8)
A9: DO-1089 | B9: Canned Turkey Pate 13oz | C9: Dog Food | D9: 11 | E9: 11 | F9: 2.13 | G9: =IF(E9="","not counted",D9-E9) | H9: =IF(E9="",0,G9*F9)
A10: DO-1096 | B10: Freeze-Dried Topper 8oz | C10: Dog Food | D10: 16 | E10: 15 | F10: 9.42 | G10: =IF(E10="","not counted",D10-E10) | H10: =IF(E10="",0,G10*F10)
A11: DO-1103 | B11: Weight Control 28lb | C11: Dog Food | D11: 32 | E11: 32 | F11: 36.13 | G11: =IF(E11="","not counted",D11-E11) | H11: =IF(E11="",0,G11*F11)
A12: DO-1110 | B12: Large Breed Chicken 34lb | C12: Dog Food | D12: 5 | E12: 6 | F12: 45.9 | G12: =IF(E12="","not counted",D12-E12) | H12: =IF(E12="",0,G12*F12)
A13: CA-1140 | B13: Indoor Adult 16lb | C13: Cat Food | D13: 39 | E13: 41 | F13: 27 | G13: =IF(E13="","not counted",D13-E13) | H13: =IF(E13="",0,G13*F13)
... A40: TO-1389 | B40: Laser Pointer | C40: Toys | D40: 29 | E40: 31 | F40: 4.3 | G40: =IF(E40="","not counted",D40-E40) | H40: =IF(E40="",0,G40*F40)
A41: AQ-1440 | B41: 20 Gallon Tank Kit | C41: Aquarium | D41: 29 | F41: 65.81 | G41: =IF(E41="","not counted",D41-E41) | H41: =IF(E41="",0,G41*F41)
A42: AQ-1447 | B42: Canister Filter 40gal | C42: Aquarium | D42: 4 | F42: 71.9 | G42: =IF(E42="","not counted",D42-E42) | H42: =IF(E42="",0,G42*F42)
A43: AQ-1454 | B43: Tropical Flakes 2.2oz | C43: Aquarium | D43: 39 | E43: 36 | F43: 3.82 | G43: =IF(E43="","not counted",D43-E43) | H43: =IF(E43="",0,G43*F43)
A44: AQ-1461 | B44: Water Conditioner 16oz | C44: Aquarium | D44: 16 | E44: 17 | F44: 5.83 | G44: =IF(E44="","not counted",D44-E44) | H44: =IF(E44="",0,G44*F44)
A45: AQ-1468 | B45: Aquarium Heater 100W | C45: Aquarium | D45: 16 | E45: 15 | F45: 14.81 | G45: =IF(E45="","not counted",D45-E45) | H45: =IF(E45="",0,G45*F45)
A46: AQ-1475 | B46: LED Light Bar 24in | C46: Aquarium | D46: 22 | E46: 22 | F46: 26.4 | G46: =IF(E46="","not counted",D46-E46) | H46: =IF(E46="",0,G46*F46)
A47: AQ-1482 | B47: Gravel Natural 25lb | C47: Aquarium | D47: 49 | E47: 45 | F47: 9.52 | G47: =IF(E47="","not counted",D47-E47) | H47: =IF(E47="",0,G47*F47)
A48: AQ-1489 | B48: Test Strips 50ct | C48: Aquarium | D48: 24 | E48: 24 | F48: 8.11 | G48: =IF(E48="","not counted",D48-E48) | H48: =IF(E48="",0,G48*F48)
A49: AQ-1496 | B49: Betta Pellets 1oz | C49: Aquarium | D49: 19 | E49: 18 | F49: 2.22 | G49: =IF(E49="","not counted",D49-E49) | H49: =IF(E49="",0,G49*F49)
A50: GR-1540 | B50: Oatmeal Shampoo 16oz | C50: Grooming | D50: 15 | E50: 14 | F50: 4.97 | G50: =IF(E50="","not counted",D50-E50) | H50: =IF(E50="",0,G50*F50)
A51: GR-1547 | B51: Slicker Brush M | C51: Grooming | D51: 34 | E51: 35 | F51: 6.45 | G51: =IF(E51="","not counted",D51-E51) | H51: =IF(E51="",0,G51*F51)
A52: GR-1554 | B52: Nail Clipper Pro | C52: Grooming | D52: 30 | E52: 29 | F52: 7.69 | G52: =IF(E52="","not counted",D52-E52) | H52: =IF(E52="",0,G52*F52)
A53: GR-1561 | B53: Ear Cleaner 4oz | C53: Grooming | D53: 32 | E53: 33 | F53: 4.22 | G53: =IF(E53="","not counted",D53-E53) | H53: =IF(E53="",0,G53*F53)
A54: GR-1568 | B54: Deshedding Tool L | C54: Grooming | D54: 37 | E54: 35 | F54: 14.32 | G54: =IF(E54="","not counted",D54-E54) | H54: =IF(E54="",0,G54*F54)
... A56: GR-1582 | B56: Paw Balm 2oz | C56: Grooming | D56: 6 | E56: 5 | F56: 3.49 | G56: =IF(E56="","not counted",D56-E56) | H56: =IF(E56="",0,G56*F56)

Sheet Damage
A1: SKU | B1: Item | C1: Qty | D1: Avg cost | E1: Value
A2: CA-1154 | B2: Kitten Chicken 7lb | C2: 3 | D2: 17.11 | E2: =C2*D2
A3: CA-1189 | B3: Urinary Care 8lb | C3: 2 | D3: 22.1 | E3: =C3*D3
A4: TR-1282 | B4: Cat Crunchy Treats 6oz | C4: 1 | D4: 2.28 | E4: =C4*D4
A5: AQ-1447 | B5: Canister Filter 40gal | C5: 3 | D5: 71.9 | E5: =C5*D5
