Workbook

Sheet Final Grades
A1: Student ID | B1: Student | C1: Quizzes % | D1: Homework % | E1: Midterm % | F1: Project % | G1: Final Exam % | H1: Final % | I1: Letter
A2: 4415108 | B2: Ortiz, William | C2: =100*(SUM(Scores!C2:H2)-MIN(Scores!C2:H2))/(COUNTIF(Scores!C2:H2,">=0")-1)/10 | D2: =100*SUM(Scores!I2:M2)/(COUNTIF(Scores!I2:M2,">=0")*20) | E2: =100*Scores!N2/50 | F2: =100*Scores!O2/40 | G2: =100*Scores!P2/100 | H2: =ROUND(C2*Weights!$B$2+D2*Weights!$B$3+E2*Weights!$B$4+F2*Weights!$B$5+G2*Weights!$B$6,1) | I2: =VLOOKUP(H2,Scale!$A$2:$B$11,2,TRUE)
A3: 4414263 | B3: Johnson, Ashley | C3: =100*(SUM(Scores!C3:H3)-MIN(Scores!C3:H3))/(COUNTIF(Scores!C3:H3,">=0")-1)/10 | D3: =100*SUM(Scores!I3:M3)/(COUNTIF(Scores!I3:M3,">=0")*20) | E3: =100*Scores!N3/50 | F3: =100*Scores!O3/40 | G3: =100*Scores!P3/100 | H3: =ROUND(C3*Weights!$B$2+D3*Weights!$B$3+E3*Weights!$B$4+F3*Weights!$B$5+G3*Weights!$B$6,1) | I3: =VLOOKUP(H3,Scale!$A$2:$B$11,2,TRUE)
A4: 4414034 | B4: Cook, Omar | C4: =100*(SUM(Scores!C4:H4)-MIN(Scores!C4:H4))/(COUNTIF(Scores!C4:H4,">=0")-1)/10 | D4: =100*SUM(Scores!I4:M4)/(COUNTIF(Scores!I4:M4,">=0")*20) | E4: =100*Scores!N4/50 | F4: =100*Scores!O4/40 | G4: =100*Scores!P4/100 | H4: =ROUND(C4*Weights!$B$2+D4*Weights!$B$3+E4*Weights!$B$4+F4*Weights!$B$5+G4*Weights!$B$6,1) | I4: =VLOOKUP(H4,Scale!$A$2:$B$11,2,TRUE)
A5: 4414231 | B5: Ruiz, Jonathan | C5: =100*(SUM(Scores!C5:H5)-MIN(Scores!C5:H5))/(COUNTIF(Scores!C5:H5,">=0")-1)/10 | D5: =100*SUM(Scores!I5:M5)/(COUNTIF(Scores!I5:M5,">=0")*20) | E5: =100*Scores!N5/50 | F5: =100*Scores!O5/40 | G5: =100*Scores!P5/100 | H5: =ROUND(C5*Weights!$B$2+D5*Weights!$B$3+E5*Weights!$B$4+F5*Weights!$B$5+G5*Weights!$B$6,1) | I5: =VLOOKUP(H5,Scale!$A$2:$B$11,2,TRUE)
A6: 4414825 | B6: Perez, Chloe | C6: =100*(SUM(Scores!C6:H6)-MIN(Scores!C6:H6))/(COUNTIF(Scores!C6:H6,">=0")-1)/10 | D6: =100*SUM(Scores!I6:M6)/(COUNTIF(Scores!I6:M6,">=0")*20) | E6: =100*Scores!N6/50 | F6: =100*Scores!O6/40 | G6: =100*Scores!P6/100 | H6: =ROUND(C6*Weights!$B$2+D6*Weights!$B$3+E6*Weights!$B$4+F6*Weights!$B$5+G6*Weights!$B$6,1) | I6: =VLOOKUP(H6,Scale!$A$2:$B$11,2,TRUE)
A7: 4411439 | B7: Wright, Carol | C7: =100*(SUM(Scores!C7:H7)-MIN(Scores!C7:H7))/(COUNTIF(Scores!C7:H7,">=0")-1)/10 | D7: =100*SUM(Scores!I7:M7)/(COUNTIF(Scores!I7:M7,">=0")*20) | E7: =100*Scores!N7/50 | F7: =100*Scores!O7/40 | G7: =100*Scores!P7/100 | H7: =ROUND(C7*Weights!$B$2+D7*Weights!$B$3+E7*Weights!$B$4+F7*Weights!$B$5+G7*Weights!$B$6,1) | I7: =VLOOKUP(H7,Scale!$A$2:$B$11,2,TRUE)
A8: 4414943 | B8: Price, George | C8: =100*(SUM(Scores!C8:H8)-MIN(Scores!C8:H8))/(COUNTIF(Scores!C8:H8,">=0")-1)/10 | D8: =100*SUM(Scores!I8:M8)/(COUNTIF(Scores!I8:M8,">=0")*20) | E8: =100*Scores!N8/50 | F8: =100*Scores!O8/40 | G8: =100*Scores!P8/100 | H8: =ROUND(C8*Weights!$B$2+D8*Weights!$B$3+E8*Weights!$B$4+F8*Weights!$B$5+G8*Weights!$B$6,1) | I8: =VLOOKUP(H8,Scale!$A$2:$B$11,2,TRUE)
A9: 4413361 | B9: Cox, Jennifer | C9: =100*(SUM(Scores!C9:H9)-MIN(Scores!C9:H9))/(COUNTIF(Scores!C9:H9,">=0")-1)/10 | D9: =100*SUM(Scores!I9:M9)/(COUNTIF(Scores!I9:M9,">=0")*20) | E9: =100*Scores!N9/50 | F9: =100*Scores!O9/40 | G9: =100*Scores!P9/100 | H9: =ROUND(C9*Weights!$B$2+D9*Weights!$B$3+E9*Weights!$B$4+F9*Weights!$B$5+G9*Weights!$B$6,1) | I9: =VLOOKUP(H9,Scale!$A$2:$B$11,2,TRUE)
A10: 4410357 | B10: Jackson, Gary | C10: =100*(SUM(Scores!C10:H10)-MIN(Scores!C10:H10))/(COUNTIF(Scores!C10:H10,">=0")-1)/10 | D10: =100*SUM(Scores!I10:M10)/(COUNTIF(Scores!I10:M10,">=0")*20) | E10: =100*Scores!N10/50 | F10: =100*Scores!O10/40 | G10: =100*Scores!P10/100 | H10: =ROUND(C10*Weights!$B$2+D10*Weights!$B$3+E10*Weights!$B$4+F10*Weights!$B$5+G10*Weights!$B$6,1) | I10: =VLOOKUP(H10,Scale!$A$2:$B$11,2,TRUE)
A11: 4410140 | B11: Hall, Amara | C11: =100*(SUM(Scores!C11:H11)-MIN(Scores!C11:H11))/(COUNTIF(Scores!C11:H11,">=0")-1)/10 | D11: =100*SUM(Scores!I11:M11)/(COUNTIF(Scores!I11:M11,">=0")*20) | E11: =100*Scores!N11/50 | F11: =100*Scores!O11/40 | G11: =100*Scores!P11/100 | H11: =ROUND(C11*Weights!$B$2+D11*Weights!$B$3+E11*Weights!$B$4+F11*Weights!$B$5+G11*Weights!$B$6,1) | I11: =VLOOKUP(H11,Scale!$A$2:$B$11,2,TRUE)
A12: 4411749 | B12: Myers, Sofia | C12: =100*(SUM(Scores!C12:H12)-MIN(Scores!C12:H12))/(COUNTIF(Scores!C12:H12,">=0")-1)/10 | D12: =100*SUM(Scores!I12:M12)/(COUNTIF(Scores!I12:M12,">=0")*20) | E12: =100*Scores!N12/50 | F12: =100*Scores!O12/40 | G12: =100*Scores!P12/100 | H12: =ROUND(C12*Weights!$B$2+D12*Weights!$B$3+E12*Weights!$B$4+F12*Weights!$B$5+G12*Weights!$B$6,1) | I12: =VLOOKUP(H12,Scale!$A$2:$B$11,2,TRUE)
A13: 4418612 | B13: Anderson, Steven | C13: =100*(SUM(Scores!C13:H13)-MIN(Scores!C13:H13))/(COUNTIF(Scores!C13:H13,">=0")-1)/10 | D13: =100*SUM(Scores!I13:M13)/(COUNTIF(Scores!I13:M13,">=0")*20) | E13: =100*Scores!N13/50 | F13: =100*Scores!O13/40 | G13: =100*Scores!P13/100 | H13: =ROUND(C13*Weights!$B$2+D13*Weights!$B$3+E13*Weights!$B$4+F13*Weights!$B$5+G13*Weights!$B$6,1) | I13: =VLOOKUP(H13,Scale!$A$2:$B$11,2,TRUE)
... A23: 4410951 | B23: Mitchell, Cynthia | C23: =100*(SUM(Scores!C23:H23)-MIN(Scores!C23:H23))/(COUNTIF(Scores!C23:H23,">=0")-1)/10 | D23: =100*SUM(Scores!I23:M23)/(COUNTIF(Scores!I23:M23,">=0")*20) | E23: =100*Scores!N23/50 | F23: =100*Scores!O23/40 | G23: =100*Scores!P23/100 | H23: =ROUND(C23*Weights!$B$2+D23*Weights!$B$3+E23*Weights!$B$4+F23*Weights!$B$5+G23*Weights!$B$6,1) | I23: =VLOOKUP(H23,Scale!$A$2:$B$11,2,TRUE)

Sheet Scores
A1: Student ID | B1: Student | C1: Quiz 1 | D1: Quiz 2 | E1: Quiz 3 | F1: Quiz 4 | G1: Quiz 5 | H1: Quiz 6 | I1: HW 1 | J1: HW 2 | K1: HW 3 | L1: HW 4 | M1: HW 5 | N1: Midterm | O1: Project | P1: Final Exam
A2: 4415108 | B2: Ortiz, William | C2: 9 | D2: 9 | E2: 0 | F2: 10 | G2: 10 | H2: 9 | I2: 18 | J2: 19 | K2: 20 | L2: 18 | M2: 18 | N2: 41 | O2: 35 | P2: 98
A3: 4414263 | B3: Johnson, Ashley | C3: 9 | D3: 9 | E3: 8 | F3: 9 | G3: 7 | H3: 8 | I3: 16 | J3: 16 | K3: 15 | L3: 17 | M3: 19 | N3: 47 | O3: 38 | P3: 92
A4: 4414034 | B4: Cook, Omar | C4: 9 | D4: 9 | E4: 9 | F4: 9 | G4: 8 | H4: 10 | I4: 15 | J4: 15 | K4: 19 | L4: 18 | M4: 15 | N4: 45 | O4: 34 | P4: 77
A5: 4414231 | B5: Ruiz, Jonathan | C5: 8 | D5: 8 | E5: 0 | F5: 8 | G5: 7 | H5: 8 | I5: 18 | J5: 16 | K5: 17 | L5: 15 | M5: 18 | N5: 45 | O5: 32 | P5: 75
A6: 4414825 | B6: Perez, Chloe | C6: 10 | D6: 8 | E6: 10 | F6: 10 | G6: 10 | H6: 10 | I6: 19 | J6: 20 | K6: 0 | L6: EX | M6: 17 | N6: 45 | O6: 40 | P6: 100
A7: 4411439 | B7: Wright, Carol | C7: 9 | D7: 9 | E7: 9 | F7: 8 | G7: 10 | H7: 9 | I7: 16 | J7: 20 | K7: 19 | L7: 16 | M7: 19 | N7: 49 | O7: 34 | P7: 90
A8: 4414943 | B8: Price, George | C8: 7 | D8: 6 | E8: 6 | F8: 7 | G8: 5 | H8: 7 | I8: 11 | J8: 13 | K8: 12 | L8: 11 | M8: 14 | N8: 33 | O8: 39 | P8: 62
A9: 4413361 | B9: Cox, Jennifer | C9: 9 | D9: 10 | E9: 8 | F9: 8 | G9: 8 | H9: 8 | I9: 15 | J9: 16 | K9: 17 | L9: 19 | M9: 18 | N9: 39 | O9: 35 | P9: 92
A10: 4410357 | B10: Jackson, Gary | C10: 9 | D10: 10 | E10: 10 | F10: 9 | G10: 10 | H10: 10 | I10: 18 | J10: 19 | K10: 20 | L10: 20 | M10: 20 | N10: 47 | O10: 40 | P10: 96
A11: 4410140 | B11: Hall, Amara | C11: 8 | D11: 7 | E11: 8 | F11: 8 | G11: 9 | H11: 8 | I11: 16 | J11: 16 | K11: 16 | L11: 17 | M11: 16 | N11: 37 | O11: 27 | P11: 89
A12: 4411749 | B12: Myers, Sofia | C12: 9 | D12: 10 | E12: 9 | F12: 9 | G12: 8 | H12: 10 | I12: 20 | J12: 17 | K12: EX | L12: 20 | M12: 20 | N12: 42 | O12: 40 | P12: 88
A13: 4418612 | B13: Anderson, Steven | C13: 7 | D13: 7 | E13: 6 | F13: 6 | G13: 6 | H13: 7 | I13: 11 | J13: 13 | K13: 12 | L13: 12 | M13: 13 | N13: 27 | O13: 27 | P13: 62
A14: 4411301 | B14: Rodriguez, Susan | C14: 8 | D14: 9 | E14: 8 | F14: 8 | G14: 9 | H14: 8 | I14: 17 | J14: 0 | K14: 17 | L14: 0 | M14: 16 | N14: 44 | O14: 32 | P14: 83
A15: 4418572 | B15: Ward, Mark | C15: 9 | D15: 8 | E15: 8 | F15: 8 | G15: 9 | H15: 8 | I15: 17 | J15: 16 | K15: 18 | L15: 17 | M15: 19 | N15: 47 | O15: 31 | P15: 94
A16: 4416602 | B16: Foster, Jason | C16: 8 | D16: 0 | E16: 7 | F16: EX | G16: 8 | H16: 7 | I16: 13 | J16: 13 | K16: 15 | L16: 13 | M16: 15 | N16: 37 | O16: 32 | P16: 61
A17: 4417008 | B17: Turner, Yuki | C17: 5 | D17: 6 | E17: 6 | F17: 5 | G17: 5 | H17: 6 | I17: 11 | J17: 11 | K17: EX | L17: 10 | M17: 12 | N17: 34 | O17: 19 | P17: 62
A18: 4419857 | B18: Stewart, Michelle | C18: 9 | D18: 10 | E18: 8 | F18: 0 | G18: 10 | H18: 10 | I18: 20 | J18: 20 | K18: 19 | L18: 20 | M18: 18 | N18: 44 | O18: 33 | P18: 100
A19: 4411913 | B19: Nelson, Marcus | C19: 8 | D19: 9 | E19: 9 | F19: 0 | G19: 8 | H19: 9 | I19: 18 | J19: 15 | K19: 18 | L19: 15 | M19: 19 | N19: 41 | O19: 38 | P19: 94
A20: 4413509 | B20: Collins, Thomas | C20: 5 | D20: 5 | E20: 5 | F20: 6 | G20: 5 | H20: 5 | I20: 12 | J20: 11 | K20: 11 | L20: 12 | M20: 11 | N20: 30 | O20: 26 | P20: 59
A21: 4414816 | B21: Wilson, Jacob | C21: 8 | D21: 9 | E21: 8 | F21: 9 | G21: 9 | H21: 9 | I21: 18 | J21: 17 | K21: 18 | L21: 15 | M21: 17 | N21: 42 | O21: 36 | P21: 82
A22: 4413918 | B22: Phillips, Hiroshi | C22: 7 | D22: 7 | E22: 7 | F22: 6 | G22: 7 | H22: 5 | I22: 13 | J22: 12 | K22: 14 | L22: 10 | M22: 14 | N22: 32 | O22: 20 | P22: 62
A23: 4410951 | B23: Mitchell, Cynthia | C23: 8 | D23: 8 | E23: 7 | F23: 8 | G23: 3 | H23: 7 | I23: 16 | J23: 16 | K23: 14 | L23: 17 | M23: 14 | N23: 34 | O23: 29 | P23: 65

Sheet Weights
A1: Category | B1: Weight
A2: Quizzes | B2: 0.15
A3: Homework | B3: 0.25
A4: Midterm | B4: 0.2
A5: Project | B5: 0.1
A6: Final Exam | B6: 0.3

Sheet Scale
A1: Minimum % | B1: Letter
A2: 0 | B2: F
A3: 60 | B3: D
A4: 70 | B4: C-
A5: 73 | B5: C
A6: 77 | B6: C+
A7: 80 | B7: B-
A8: 83 | B8: B
A9: 87 | B9: B+
A10: 90 | B10: A-
A11: 93 | B11: A
