Workbook

Sheet Allocation
A1: Account | B1: Basis | C1: Shared cost | D1: Mill Shop | E1: Finishing | F1: Install | G1: Showroom | H1: Admin | I1: Unallocated
A2: 6100 Rent | B2: Square feet | C2: 13900 | D2: =C2-(E2+F2+G2+H2) | E2: =ROUND(C2*Bases!$C$3/Bases!$C$7,2) | F2: =ROUND(C2*Bases!$C$4/Bases!$C$7,2) | G2: =ROUND(C2*Bases!$C$5/Bases!$C$7,2) | H2: =ROUND(C2*Bases!$C$6/Bases!$C$7,2) | I2: =C2-SUM(D2:H2)
A3: 6120 Property insurance | B3: Square feet | C3: 1124.48 | D3: =C3-(E3+F3+G3+H3) | E3: =ROUND(C3*Bases!$C$3/Bases!$C$7,2) | F3: =ROUND(C3*Bases!$C$4/Bases!$C$7,2) | G3: =ROUND(C3*Bases!$C$5/Bases!$C$7,2) | H3: =ROUND(C3*Bases!$C$6/Bases!$C$7,2) | I3: =C3-SUM(D3:H3)
A4: 6210 Electric | B4: Square feet | C4: 3169.38 | D4: =C4-(E4+F4+G4+H4) | E4: =ROUND(C4*Bases!$C$3/Bases!$C$7,2) | F4: =ROUND(C4*Bases!$C$4/Bases!$C$7,2) | G4: =ROUND(C4*Bases!$C$5/Bases!$C$7,2) | H4: =ROUND(C4*Bases!$C$6/Bases!$C$7,2) | I4: =C4-SUM(D4:H4)
A5: 6220 Gas | B5: Square feet | C5: 608.61 | D5: =C5-(E5+F5+G5+H5) | E5: =ROUND(C5*Bases!$C$3/Bases!$C$7,2) | F5: =ROUND(C5*Bases!$C$4/Bases!$C$7,2) | G5: =ROUND(C5*Bases!$C$5/Bases!$C$7,2) | H5: =ROUND(C5*Bases!$C$6/Bases!$C$7,2) | I5: =C5-SUM(D5:H5)
A6: 6230 Water & sewer | B6: Square feet | C6: 304.02 | D6: =C6-(E6+F6+G6+H6) | E6: =ROUND(C6*Bases!$C$3/Bases!$C$7,2) | F6: =ROUND(C6*Bases!$C$4/Bases!$C$7,2) | G6: =ROUND(C6*Bases!$C$5/Bases!$C$7,2) | H6: =ROUND(C6*Bases!$C$6/Bases!$C$7,2) | I6: =C6-SUM(D6:H6)
A7: 6300 Janitorial | B7: Square feet | C7: 1308.74 | D7: =C7-(E7+F7+G7+H7) | E7: =ROUND(C7*Bases!$C$3/Bases!$C$7,2) | F7: =ROUND(C7*Bases!$C$4/Bases!$C$7,2) | G7: =ROUND(C7*Bases!$C$5/Bases!$C$7,2) | H7: =ROUND(C7*Bases!$C$6/Bases!$C$7,2) | I7: =C7-SUM(D7:H7)
A8: 6310 Building repairs | B8: Square feet | C8: 1344.83 | D8: =C8-(E8+F8+G8+H8) | E8: =ROUND(C8*Bases!$C$3/Bases!$C$7,2) | F8: =ROUND(C8*Bases!$C$4/Bases!$C$7,2) | G8: =ROUND(C8*Bases!$C$5/Bases!$C$7,2) | H8: =ROUND(C8*Bases!$C$6/Bases!$C$7,2) | I8: =C8-SUM(D8:H8)
A9: 6400 IT support | B9: Headcount | C9: 1214.99 | D9: =ROUND(C9*Bases!$B$2/Bases!$B$7,2) | E9: =ROUND(C9*Bases!$B$3/Bases!$B$7,2) | F9: =C9-(D9+E9+G9+H9) | G9: =ROUND(C9*Bases!$B$5/Bases!$B$7,2) | H9: =ROUND(C9*Bases!$B$6/Bases!$B$7,2) | I9: =C9-SUM(D9:H9)
A10: 6410 Software subscriptions | B10: Headcount | C10: 730.67 | D10: =ROUND(C10*Bases!$B$2/Bases!$B$7,2) | E10: =ROUND(C10*Bases!$B$3/Bases!$B$7,2) | F10: =C10-(D10+E10+G10+H10) | G10: =ROUND(C10*Bases!$B$5/Bases!$B$7,2) | H10: =ROUND(C10*Bases!$B$6/Bases!$B$7,2) | I10: =C10-SUM(D10:H10)
A11: 6500 Payroll service | B11: Headcount | C11: 270.14 | D11: =ROUND(C11*Bases!$B$2/Bases!$B$7,2) | E11: =ROUND(C11*Bases!$B$3/Bases!$B$7,2) | F11: =C11-(D11+E11+G11+H11) | G11: =ROUND(C11*Bases!$B$5/Bases!$B$7,2) | H11: =ROUND(C11*Bases!$B$6/Bases!$B$7,2) | I11: =C11-SUM(D11:H11)
A12: 6510 HR & benefits platform | B12: Headcount | C12: 394.5 | D12: =ROUND(C12*Bases!$B$2/Bases!$B$7,2) | E12: =ROUND(C12*Bases!$B$3/Bases!$B$7,2) | F12: =C12-(D12+E12+G12+H12) | G12: =ROUND(C12*Bases!$B$5/Bases!$B$7,2) | H12: =ROUND(C12*Bases!$B$6/Bases!$B$7,2) | I12: =C12-SUM(D12:H12)
A13: 6600 Phones & internet | B13: Headcount | C13: 642.34 | D13: =ROUND(C13*Bases!$B$2/Bases!$B$7,2) | E13: =ROUND(C13*Bases!$B$3/Bases!$B$7,2) | F13: =C13-(D13+E13+G13+H13) | G13: =ROUND(C13*Bases!$B$5/Bases!$B$7,2) | H13: =ROUND(C13*Bases!$B$6/Bases!$B$7,2) | I13: =C13-SUM(D13:H13)
A14: 6700 Office supplies | B14: Headcount | C14: 300.17 | D14: =ROUND(C14*Bases!$B$2/Bases!$B$7,2) | E14: =ROUND(C14*Bases!$B$3/Bases!$B$7,2) | F14: =C14-(D14+E14+G14+H14) | G14: =ROUND(C14*Bases!$B$5/Bases!$B$7,2) | H14: =ROUND(C14*Bases!$B$6/Bases!$B$7,2) | I14: =C14-SUM(D14:H14)
A15: Total | C15: =SUM(C2:C14) | D15: =SUM(D2:D14) | E15: =SUM(E2:E14) | F15: =SUM(F2:F14) | G15: =SUM(G2:G14) | H15: =SUM(H2:H14) | I15: =SUM(I2:I14)

Sheet Bases
A1: Department | B1: Headcount at 2026-08-31 | C1: Square feet
A2: Mill Shop | B2: 8.5 | C2: 7600
A3: Finishing | B3: 5 | C3: 2700
A4: Install | B4: 9 | C4: 2200
A5: Showroom | B5: 3 | C5: 1600
A6: Admin | B6: 3.5 | C6: 900
A7: Total | B7: =SUM(B2:B6) | C7: =SUM(C2:C6)
