Workbook

Sheet Summary
A1: Quarter | B1: Gross wages | C1: Federal W/H | D1: State W/H | E1: Social Security EE | F1: Medicare EE | G1: Taxes withheld | H1: 401(k) | I1: Health | J1: Net pay
A2: Q1 | B2: =SUMIF(Runs!$B$2:$B$370,A2,Runs!$H$2:$H$370) | C2: =SUMIF(Runs!$B$2:$B$370,A2,Runs!$I$2:$I$370) | D2: =SUMIF(Runs!$B$2:$B$370,A2,Runs!$J$2:$J$370) | E2: =SUMIF(Runs!$B$2:$B$370,A2,Runs!$K$2:$K$370) | F2: =SUMIF(Runs!$B$2:$B$370,A2,Runs!$L$2:$L$370) | G2: =SUM(C2:F2) | H2: =SUMIF(Runs!$B$2:$B$370,A2,Runs!$N$2:$N$370) | I2: =SUMIF(Runs!$B$2:$B$370,A2,Runs!$O$2:$O$370) | J2: =SUMIF(Runs!$B$2:$B$370,A2,Runs!$P$2:$P$370)
A3: Q2 | B3: =SUMIF(Runs!$B$2:$B$370,A3,Runs!$H$2:$H$370) | C3: =SUMIF(Runs!$B$2:$B$370,A3,Runs!$I$2:$I$370) | D3: =SUMIF(Runs!$B$2:$B$370,A3,Runs!$J$2:$J$370) | E3: =SUMIF(Runs!$B$2:$B$370,A3,Runs!$K$2:$K$370) | F3: =SUMIF(Runs!$B$2:$B$370,A3,Runs!$L$2:$L$370) | G3: =SUM(C3:F3) | H3: =SUMIF(Runs!$B$2:$B$370,A3,Runs!$N$2:$N$370) | I3: =SUMIF(Runs!$B$2:$B$370,A3,Runs!$O$2:$O$370) | J3: =SUMIF(Runs!$B$2:$B$370,A3,Runs!$P$2:$P$370)
A4: Q3 | B4: =SUMIF(Runs!$B$2:$B$370,A4,Runs!$H$2:$H$370) | C4: =SUMIF(Runs!$B$2:$B$370,A4,Runs!$I$2:$I$370) | D4: =SUMIF(Runs!$B$2:$B$370,A4,Runs!$J$2:$J$370) | E4: =SUMIF(Runs!$B$2:$B$370,A4,Runs!$K$2:$K$370) | F4: =SUMIF(Runs!$B$2:$B$370,A4,Runs!$L$2:$L$370) | G4: =SUM(C4:F4) | H4: =SUMIF(Runs!$B$2:$B$370,A4,Runs!$N$2:$N$370) | I4: =SUMIF(Runs!$B$2:$B$370,A4,Runs!$O$2:$O$370) | J4: =SUMIF(Runs!$B$2:$B$370,A4,Runs!$P$2:$P$370)
A5: Q4 | B5: =SUMIF(Runs!$B$2:$B$370,A5,Runs!$H$2:$H$370) | C5: =SUMIF(Runs!$B$2:$B$370,A5,Runs!$I$2:$I$370) | D5: =SUMIF(Runs!$B$2:$B$370,A5,Runs!$J$2:$J$370) | E5: =SUMIF(Runs!$B$2:$B$370,A5,Runs!$K$2:$K$370) | F5: =SUMIF(Runs!$B$2:$B$370,A5,Runs!$L$2:$L$370) | G5: =SUM(C5:F5) | H5: =SUMIF(Runs!$B$2:$B$370,A5,Runs!$N$2:$N$370) | I5: =SUMIF(Runs!$B$2:$B$370,A5,Runs!$O$2:$O$370) | J5: =SUMIF(Runs!$B$2:$B$370,A5,Runs!$P$2:$P$370)
A6: Total 2025 | B6: =SUM(B2:B5) | C6: =SUM(C2:C5) | D6: =SUM(D2:D5) | E6: =SUM(E2:E5) | F6: =SUM(F2:F5) | G6: =SUM(G2:G5) | H6: =SUM(H2:H5) | I6: =SUM(I2:I5) | J6: =SUM(J2:J5)
A8: Quarters by check date. Off-cycle runs included. Corrections (reversal + reissue) netted. Taxes withheld = employee federal, state, Social Security, Medicare.

Sheet Runs
A1: check_date | B1: quarter | C1: period_end | D1: run_type | E1: source | F1: employee_id | G1: employee | H1: gross | I1: federal | J1: state | K1: social_security | L1: medicare | M1: taxes_withheld | N1: k401 | O1: health | P1: net
A2: 45667 | B2: Q1 | C2: 45661 | D2: Regular | E2: register | F2: E101 | G2: Deborah Okafor | H2: 3025.66 | I2: 363.08 | J2: 166.41 | K2: 187.59 | L2: 43.87 | M2: 760.95 | N2: 151.28 | O2: 0 | P2: 2113.43
A3: 45667 | B3: Q1 | C3: 45661 | D3: Regular | E3: register | F3: E102 | G3: Rebecca Garcia | H3: 2265.27 | I3: 317.14 | J3: 113.26 | K3: 140.45 | L3: 32.85 | M3: 603.7 | N3: 113.26 | O3: 85 | P3: 1463.31
A4: 45667 | B4: Q1 | C4: 45661 | D4: Regular | E4: register | F4: E103 | G4: Kimberly Rogers | H4: 2190.74 | I4: 306.7 | J4: 120.49 | K4: 135.83 | L4: 31.77 | M4: 594.79 | N4: 109.54 | O4: 85 | P4: 1401.41
A5: 45667 | B5: Q1 | C5: 45661 | D5: Regular | E5: register | F5: E104 | G5: Gary Phillips | H5: 1795.57 | I5: 287.29 | J5: 71.82 | K5: 111.33 | L5: 26.04 | M5: 496.48 | N5: 0 | O5: 140 | P5: 1159.09
A6: 45667 | B6: Q1 | C6: 45661 | D6: Regular | E6: register | F6: E105 | G6: Joshua Morris | H6: 1410.84 | I6: 225.73 | J6: 77.6 | K6: 87.47 | L6: 20.46 | M6: 411.26 | N6: 42.33 | O6: 85 | P6: 872.25
A7: 45667 | B7: Q1 | C7: 45661 | D7: Regular | E7: register | F7: E106 | G7: Dorothy Howard | H7: 1825.1 | I7: 146.01 | J7: 82.13 | K7: 113.16 | L7: 26.46 | M7: 367.76 | N7: 91.25 | O7: 85 | P7: 1281.09
A8: 45667 | B8: Q1 | C8: 45661 | D8: Regular | E8: register | F8: E107 | G8: Margaret Cook | H8: 2595.78 | I8: 259.58 | J8: 142.77 | K8: 160.94 | L8: 37.64 | M8: 600.93 | N8: 0 | O8: 0 | P8: 1994.85
A9: 45667 | B9: Q1 | C9: 45661 | D9: Regular | E9: register | F9: E108 | G9: Sarah Torres | H9: 1250.62 | I9: 200.1 | J9: 68.78 | K9: 77.54 | L9: 18.13 | M9: 364.55 | N9: 0 | O9: 85 | P9: 801.07
A10: 45667 | B10: Q1 | C10: 45661 | D10: Regular | E10: register | F10: E109 | G10: Sarah Foster | H10: 3370.24 | I10: 404.43 | J10: 134.81 | K10: 208.95 | L10: 48.87 | M10: 797.06 | N10: 168.51 | O10: 85 | P10: 2319.67
A11: 45667 | B11: Q1 | C11: 45661 | D11: Regular | E11: register | F11: E110 | G11: Richard Richardson | H11: 2385.02 | I11: 238.5 | J11: 119.25 | K11: 147.87 | L11: 34.58 | M11: 540.2 | N11: 95.4 | O11: 0 | P11: 1749.42
A12: 45667 | B12: Q1 | C12: 45661 | D12: Regular | E12: register | F12: E111 | G12: Steven Morgan | H12: 2360.14 | I12: 330.42 | J12: 118.01 | K12: 146.33 | L12: 34.22 | M12: 628.98 | N12: 118.01 | O12: 85 | P12: 1528.15
A13: 45667 | B13: Q1 | C13: 45661 | D13: Regular | E13: register | F13: E112 | G13: Marcus Cox | H13: 1830.47 | I13: 183.05 | J13: 82.37 | K13: 113.49 | L13: 26.54 | M13: 405.45 | N13: 0 | O13: 0 | P13: 1425.02
... A370: 46017 | B370: Q4 | C370: 46011 | D370: Regular | E370: register | F370: E114 | G370: Richard Myers | H370: 1580.48 | I370: 158.05 | J370: 63.22 | K370: 97.99 | L370: 22.92 | M370: 342.18 | N370: 0 | O370: 140 | P370: 1098.3
