Workbook

Sheet Aging
A1: Vendor | B1: Current | C1: 1-30 | D1: 31-60 | E1: 61-90 | F1: Over 90 | G1: Total
A2: Barrel & Stave Cooperage | B2: =SUMIFS(Bills!$G$2:$G$42,Bills!$A$2:$A$42,$A2,Bills!$H$2:$H$42,B$1) | C2: =SUMIFS(Bills!$G$2:$G$42,Bills!$A$2:$A$42,$A2,Bills!$H$2:$H$42,C$1) | D2: =SUMIFS(Bills!$G$2:$G$42,Bills!$A$2:$A$42,$A2,Bills!$H$2:$H$42,D$1) | E2: =SUMIFS(Bills!$G$2:$G$42,Bills!$A$2:$A$42,$A2,Bills!$H$2:$H$42,E$1) | F2: =SUMIFS(Bills!$G$2:$G$42,Bills!$A$2:$A$42,$A2,Bills!$H$2:$H$42,F$1) | G2: =SUM(B2:F2)
A3: Brightline Pest Control | B3: =SUMIFS(Bills!$G$2:$G$42,Bills!$A$2:$A$42,$A3,Bills!$H$2:$H$42,B$1) | C3: =SUMIFS(Bills!$G$2:$G$42,Bills!$A$2:$A$42,$A3,Bills!$H$2:$H$42,C$1) | D3: =SUMIFS(Bills!$G$2:$G$42,Bills!$A$2:$A$42,$A3,Bills!$H$2:$H$42,D$1) | E3: =SUMIFS(Bills!$G$2:$G$42,Bills!$A$2:$A$42,$A3,Bills!$H$2:$H$42,E$1) | F3: =SUMIFS(Bills!$G$2:$G$42,Bills!$A$2:$A$42,$A3,Bills!$H$2:$H$42,F$1) | G3: =SUM(B3:F3)
A4: Cascade Glass Packaging | B4: =SUMIFS(Bills!$G$2:$G$42,Bills!$A$2:$A$42,$A4,Bills!$H$2:$H$42,B$1) | C4: =SUMIFS(Bills!$G$2:$G$42,Bills!$A$2:$A$42,$A4,Bills!$H$2:$H$42,C$1) | D4: =SUMIFS(Bills!$G$2:$G$42,Bills!$A$2:$A$42,$A4,Bills!$H$2:$H$42,D$1) | E4: =SUMIFS(Bills!$G$2:$G$42,Bills!$A$2:$A$42,$A4,Bills!$H$2:$H$42,E$1) | F4: =SUMIFS(Bills!$G$2:$G$42,Bills!$A$2:$A$42,$A4,Bills!$H$2:$H$42,F$1) | G4: =SUM(B4:F4)
A5: Cedar Ridge Electric | B5: =SUMIFS(Bills!$G$2:$G$42,Bills!$A$2:$A$42,$A5,Bills!$H$2:$H$42,B$1) | C5: =SUMIFS(Bills!$G$2:$G$42,Bills!$A$2:$A$42,$A5,Bills!$H$2:$H$42,C$1) | D5: =SUMIFS(Bills!$G$2:$G$42,Bills!$A$2:$A$42,$A5,Bills!$H$2:$H$42,D$1) | E5: =SUMIFS(Bills!$G$2:$G$42,Bills!$A$2:$A$42,$A5,Bills!$H$2:$H$42,E$1) | F5: =SUMIFS(Bills!$G$2:$G$42,Bills!$A$2:$A$42,$A5,Bills!$H$2:$H$42,F$1) | G5: =SUM(B5:F5)
A6: Hopkins Family Pears | B6: =SUMIFS(Bills!$G$2:$G$42,Bills!$A$2:$A$42,$A6,Bills!$H$2:$H$42,B$1) | C6: =SUMIFS(Bills!$G$2:$G$42,Bills!$A$2:$A$42,$A6,Bills!$H$2:$H$42,C$1) | D6: =SUMIFS(Bills!$G$2:$G$42,Bills!$A$2:$A$42,$A6,Bills!$H$2:$H$42,D$1) | E6: =SUMIFS(Bills!$G$2:$G$42,Bills!$A$2:$A$42,$A6,Bills!$H$2:$H$42,E$1) | F6: =SUMIFS(Bills!$G$2:$G$42,Bills!$A$2:$A$42,$A6,Bills!$H$2:$H$42,F$1) | G6: =SUM(B6:F6)
A7: Label Lab Printing | B7: =SUMIFS(Bills!$G$2:$G$42,Bills!$A$2:$A$42,$A7,Bills!$H$2:$H$42,B$1) | C7: =SUMIFS(Bills!$G$2:$G$42,Bills!$A$2:$A$42,$A7,Bills!$H$2:$H$42,C$1) | D7: =SUMIFS(Bills!$G$2:$G$42,Bills!$A$2:$A$42,$A7,Bills!$H$2:$H$42,D$1) | E7: =SUMIFS(Bills!$G$2:$G$42,Bills!$A$2:$A$42,$A7,Bills!$H$2:$H$42,E$1) | F7: =SUMIFS(Bills!$G$2:$G$42,Bills!$A$2:$A$42,$A7,Bills!$H$2:$H$42,F$1) | G7: =SUM(B7:F7)
A8: Northline Freight | B8: =SUMIFS(Bills!$G$2:$G$42,Bills!$A$2:$A$42,$A8,Bills!$H$2:$H$42,B$1) | C8: =SUMIFS(Bills!$G$2:$G$42,Bills!$A$2:$A$42,$A8,Bills!$H$2:$H$42,C$1) | D8: =SUMIFS(Bills!$G$2:$G$42,Bills!$A$2:$A$42,$A8,Bills!$H$2:$H$42,D$1) | E8: =SUMIFS(Bills!$G$2:$G$42,Bills!$A$2:$A$42,$A8,Bills!$H$2:$H$42,E$1) | F8: =SUMIFS(Bills!$G$2:$G$42,Bills!$A$2:$A$42,$A8,Bills!$H$2:$H$42,F$1) | G8: =SUM(B8:F8)
A9: Orchard Valley Fruit Co. | B9: =SUMIFS(Bills!$G$2:$G$42,Bills!$A$2:$A$42,$A9,Bills!$H$2:$H$42,B$1) | C9: =SUMIFS(Bills!$G$2:$G$42,Bills!$A$2:$A$42,$A9,Bills!$H$2:$H$42,C$1) | D9: =SUMIFS(Bills!$G$2:$G$42,Bills!$A$2:$A$42,$A9,Bills!$H$2:$H$42,D$1) | E9: =SUMIFS(Bills!$G$2:$G$42,Bills!$A$2:$A$42,$A9,Bills!$H$2:$H$42,E$1) | F9: =SUMIFS(Bills!$G$2:$G$42,Bills!$A$2:$A$42,$A9,Bills!$H$2:$H$42,F$1) | G9: =SUM(B9:F9)
A10: Pacific Corrugated Box | B10: =SUMIFS(Bills!$G$2:$G$42,Bills!$A$2:$A$42,$A10,Bills!$H$2:$H$42,B$1) | C10: =SUMIFS(Bills!$G$2:$G$42,Bills!$A$2:$A$42,$A10,Bills!$H$2:$H$42,C$1) | D10: =SUMIFS(Bills!$G$2:$G$42,Bills!$A$2:$A$42,$A10,Bills!$H$2:$H$42,D$1) | E10: =SUMIFS(Bills!$G$2:$G$42,Bills!$A$2:$A$42,$A10,Bills!$H$2:$H$42,E$1) | F10: =SUMIFS(Bills!$G$2:$G$42,Bills!$A$2:$A$42,$A10,Bills!$H$2:$H$42,F$1) | G10: =SUM(B10:F10)
A11: Summit Gas & Welding Supply | B11: =SUMIFS(Bills!$G$2:$G$42,Bills!$A$2:$A$42,$A11,Bills!$H$2:$H$42,B$1) | C11: =SUMIFS(Bills!$G$2:$G$42,Bills!$A$2:$A$42,$A11,Bills!$H$2:$H$42,C$1) | D11: =SUMIFS(Bills!$G$2:$G$42,Bills!$A$2:$A$42,$A11,Bills!$H$2:$H$42,D$1) | E11: =SUMIFS(Bills!$G$2:$G$42,Bills!$A$2:$A$42,$A11,Bills!$H$2:$H$42,E$1) | F11: =SUMIFS(Bills!$G$2:$G$42,Bills!$A$2:$A$42,$A11,Bills!$H$2:$H$42,F$1) | G11: =SUM(B11:F11)
A12: Total | B12: =SUM(B2:B11) | C12: =SUM(C2:C11) | D12: =SUM(D2:D11) | E12: =SUM(E2:E11) | F12: =SUM(F2:F11) | G12: =SUM(G2:G11)
A13: Total past due | B13: =SUM(C12:F12)

Sheet Bills
A1: Vendor | B1: Bill / credit | C1: Date | D1: Terms | E1: Due date | F1: Days past due | G1: Open amount | H1: Bucket
A2: Barrel & Stave Cooperage | B2: BSC-20648 | C2: 46093 | D2: Net 60 | E2: 46153 | F2: 112 | G2: 7420 | H2: Over 90
A3: Barrel & Stave Cooperage | B3: BSC-20772 | C3: 46172 | D3: Net 60 | E3: 46232 | F3: 33 | G3: 2237.84 | H3: 31-60
A4: Barrel & Stave Cooperage | B4: BSC-20732 | C4: 46189 | D4: Net 60 | E4: 46249 | F4: 16 | G4: 8128.25 | H4: 1-30
A5: Barrel & Stave Cooperage | B5: BSC-20789 | C5: 46193 | D5: Net 60 | E5: 46253 | F5: 12 | G5: 2503.74 | H5: 1-30
A6: Barrel & Stave Cooperage | B6: BSC-20757 | C6: 46236 | D6: Net 60 | E6: 46296 | F6: -31 | G6: 4161.35 | H6: Current
A7: Barrel & Stave Cooperage | B7: BSC-20703 | C7: 46252 | D7: Net 60 | E7: 46312 | F7: -47 | G7: 5757.27 | H7: Current
A8: Brightline Pest Control | B8: BPC-20630 | C8: 46169 | D8: Net 15 | E8: 46184 | F8: 81 | G8: 126.02 | H8: 61-90
A9: Brightline Pest Control | B9: BPC-20602 | C9: 46171 | D9: Net 15 | E9: 46186 | F9: 79 | G9: 188.8 | H9: 61-90
A10: Brightline Pest Control | B10: BPC-20663 | C10: 46187 | D10: Net 15 | E10: 46202 | F10: 63 | G10: 132.72 | H10: 61-90
A11: Cascade Glass Packaging | B11: CGP-20896 | C11: 46202 | D11: 2% 10 Net 30 | E11: 46232 | F11: 33 | G11: 4570 | H11: 31-60
A12: Cascade Glass Packaging | B12: CGP-20899 | C12: 46232 | D12: 2% 10 Net 30 | E12: 46262 | F12: 3 | G12: 2981.58 | H12: 1-30
A13: Cascade Glass Packaging | B13: CGP-20917 | C13: 46240 | D13: 2% 10 Net 30 | E13: 46270 | F13: -5 | G13: 3766.6 | H13: Current
... A26: Northline Freight | B26: NLF-20389 | C26: 46173 | D26: Net 45 | E26: 46218 | F26: 47 | G26: 1025.01 | H26: 31-60
A27: Northline Freight | B27: VC-1190 | C27: 46240 | D27: credit | G27: -385 | H27: Current
A28: Orchard Valley Fruit Co. | B28: OVF-20545 | C28: 46174 | D28: Net 30 EOM | E28: 46233 | F28: 32 | G28: 6135.5 | H28: 31-60
A29: Orchard Valley Fruit Co. | B29: OVF-20578 | C29: 46201 | D29: Net 30 EOM | E29: 46233 | F29: 32 | G29: 1295.05 | H29: 31-60
A30: Orchard Valley Fruit Co. | B30: OVF-20510 | C30: 46217 | D30: Net 30 EOM | E30: 46264 | F30: 1 | G30: 8240 | H30: 1-30
A31: Orchard Valley Fruit Co. | B31: OVF-20613 | C31: 46232 | D31: Net 30 EOM | E31: 46264 | F31: 1 | G31: 5616.08 | H31: 1-30
A32: Orchard Valley Fruit Co. | B32: OVF-20594 | C32: 46233 | D32: Net 30 EOM | E32: 46264 | F32: 1 | G32: 2605.61 | H32: 1-30
A33: Pacific Corrugated Box | B33: PCB-20678 | C33: 46167 | D33: Net 30 | E33: 46197 | F33: 68 | G33: 2887.94 | H33: 61-90
A34: Pacific Corrugated Box | B34: PCB-20641 | C34: 46174 | D34: Net 30 | E34: 46204 | F34: 61 | G34: 2792.73 | H34: 61-90
A35: Pacific Corrugated Box | B35: PCB-20618 | C35: 46213 | D35: Net 60 | E35: 46273 | F35: -8 | G35: 2960 | H35: Current
A36: Pacific Corrugated Box | B36: PCB-20717 | C36: 46239 | D36: Net 30 | E36: 46269 | F36: -4 | G36: 1879.24 | H36: Current
A37: Pacific Corrugated Box | B37: PCB-20624 | C37: 46263 | D37: Net 30 | E37: 46293 | F37: -28 | G37: 1077.35 | H37: Current
A38: Summit Gas & Welding Supply | B38: SGW-20249 | C38: 46166 | D38: Net 30 | E38: 46196 | F38: 69 | G38: 613.45 | H38: 61-90
A39: Summit Gas & Welding Supply | B39: SGW-20179 | C39: 46231 | D39: Net 30 | E39: 46261 | F39: 4 | G39: 310.37 | H39: 1-30
... A41: Summit Gas & Welding Supply | B41: SGW-20202 | C41: 46237 | D41: Net 30 | E41: 46267 | F41: -2 | G41: 186.43 | H41: Current
A42: Summit Gas & Welding Supply | B42: VC-1194 | C42: 46248 | D42: credit | G42: -212.5 | H42: Current
