Workbook

Sheet Aging
A1: Yellowtail Seafood - receivables aging as of 31 Aug 2026
A2: Days past due date; balances as they stood on 31 Aug 2026
A3: Customer | B3: Current | C3: 1-30 days | D3: 31-60 days | E3: 61-90 days | F3: Over 90 days | G3: Total | H3: Past due
A4: Juniper Street Cafe | B4: =ROUND(SUMIFS(Items!$G$2:$G$145,Items!$A$2:$A$145,$A4,Items!$F$2:$F$145,B$3),2) | C4: =ROUND(SUMIFS(Items!$G$2:$G$145,Items!$A$2:$A$145,$A4,Items!$F$2:$F$145,C$3),2) | D4: =ROUND(SUMIFS(Items!$G$2:$G$145,Items!$A$2:$A$145,$A4,Items!$F$2:$F$145,D$3),2) | E4: =ROUND(SUMIFS(Items!$G$2:$G$145,Items!$A$2:$A$145,$A4,Items!$F$2:$F$145,E$3),2) | F4: =ROUND(SUMIFS(Items!$G$2:$G$145,Items!$A$2:$A$145,$A4,Items!$F$2:$F$145,F$3),2) | G4: =SUM(B4:F4) | H4: =G4-B4
A5: Harborview Oyster Bar | B5: =ROUND(SUMIFS(Items!$G$2:$G$145,Items!$A$2:$A$145,$A5,Items!$F$2:$F$145,B$3),2) | C5: =ROUND(SUMIFS(Items!$G$2:$G$145,Items!$A$2:$A$145,$A5,Items!$F$2:$F$145,C$3),2) | D5: =ROUND(SUMIFS(Items!$G$2:$G$145,Items!$A$2:$A$145,$A5,Items!$F$2:$F$145,D$3),2) | E5: =ROUND(SUMIFS(Items!$G$2:$G$145,Items!$A$2:$A$145,$A5,Items!$F$2:$F$145,E$3),2) | F5: =ROUND(SUMIFS(Items!$G$2:$G$145,Items!$A$2:$A$145,$A5,Items!$F$2:$F$145,F$3),2) | G5: =SUM(B5:F5) | H5: =G5-B5
A6: Tamarack Brewing | B6: =ROUND(SUMIFS(Items!$G$2:$G$145,Items!$A$2:$A$145,$A6,Items!$F$2:$F$145,B$3),2) | C6: =ROUND(SUMIFS(Items!$G$2:$G$145,Items!$A$2:$A$145,$A6,Items!$F$2:$F$145,C$3),2) | D6: =ROUND(SUMIFS(Items!$G$2:$G$145,Items!$A$2:$A$145,$A6,Items!$F$2:$F$145,D$3),2) | E6: =ROUND(SUMIFS(Items!$G$2:$G$145,Items!$A$2:$A$145,$A6,Items!$F$2:$F$145,E$3),2) | F6: =ROUND(SUMIFS(Items!$G$2:$G$145,Items!$A$2:$A$145,$A6,Items!$F$2:$F$145,F$3),2) | G6: =SUM(B6:F6) | H6: =G6-B6
A7: Ellington Bakeries | B7: =ROUND(SUMIFS(Items!$G$2:$G$145,Items!$A$2:$A$145,$A7,Items!$F$2:$F$145,B$3),2) | C7: =ROUND(SUMIFS(Items!$G$2:$G$145,Items!$A$2:$A$145,$A7,Items!$F$2:$F$145,C$3),2) | D7: =ROUND(SUMIFS(Items!$G$2:$G$145,Items!$A$2:$A$145,$A7,Items!$F$2:$F$145,D$3),2) | E7: =ROUND(SUMIFS(Items!$G$2:$G$145,Items!$A$2:$A$145,$A7,Items!$F$2:$F$145,E$3),2) | F7: =ROUND(SUMIFS(Items!$G$2:$G$145,Items!$A$2:$A$145,$A7,Items!$F$2:$F$145,F$3),2) | G7: =SUM(B7:F7) | H7: =G7-B7
A8: The Saltwater Grill | B8: =ROUND(SUMIFS(Items!$G$2:$G$145,Items!$A$2:$A$145,$A8,Items!$F$2:$F$145,B$3),2) | C8: =ROUND(SUMIFS(Items!$G$2:$G$145,Items!$A$2:$A$145,$A8,Items!$F$2:$F$145,C$3),2) | D8: =ROUND(SUMIFS(Items!$G$2:$G$145,Items!$A$2:$A$145,$A8,Items!$F$2:$F$145,D$3),2) | E8: =ROUND(SUMIFS(Items!$G$2:$G$145,Items!$A$2:$A$145,$A8,Items!$F$2:$F$145,E$3),2) | F8: =ROUND(SUMIFS(Items!$G$2:$G$145,Items!$A$2:$A$145,$A8,Items!$F$2:$F$145,F$3),2) | G8: =SUM(B8:F8) | H8: =G8-B8
A9: Pier 9 Fish House | B9: =ROUND(SUMIFS(Items!$G$2:$G$145,Items!$A$2:$A$145,$A9,Items!$F$2:$F$145,B$3),2) | C9: =ROUND(SUMIFS(Items!$G$2:$G$145,Items!$A$2:$A$145,$A9,Items!$F$2:$F$145,C$3),2) | D9: =ROUND(SUMIFS(Items!$G$2:$G$145,Items!$A$2:$A$145,$A9,Items!$F$2:$F$145,D$3),2) | E9: =ROUND(SUMIFS(Items!$G$2:$G$145,Items!$A$2:$A$145,$A9,Items!$F$2:$F$145,E$3),2) | F9: =ROUND(SUMIFS(Items!$G$2:$G$145,Items!$A$2:$A$145,$A9,Items!$F$2:$F$145,F$3),2) | G9: =SUM(B9:F9) | H9: =G9-B9
A10: Blue Heron Catering | B10: =ROUND(SUMIFS(Items!$G$2:$G$145,Items!$A$2:$A$145,$A10,Items!$F$2:$F$145,B$3),2) | C10: =ROUND(SUMIFS(Items!$G$2:$G$145,Items!$A$2:$A$145,$A10,Items!$F$2:$F$145,C$3),2) | D10: =ROUND(SUMIFS(Items!$G$2:$G$145,Items!$A$2:$A$145,$A10,Items!$F$2:$F$145,D$3),2) | E10: =ROUND(SUMIFS(Items!$G$2:$G$145,Items!$A$2:$A$145,$A10,Items!$F$2:$F$145,E$3),2) | F10: =ROUND(SUMIFS(Items!$G$2:$G$145,Items!$A$2:$A$145,$A10,Items!$F$2:$F$145,F$3),2) | G10: =SUM(B10:F10) | H10: =G10-B10
A11: Nightjar Supper Club | B11: =ROUND(SUMIFS(Items!$G$2:$G$145,Items!$A$2:$A$145,$A11,Items!$F$2:$F$145,B$3),2) | C11: =ROUND(SUMIFS(Items!$G$2:$G$145,Items!$A$2:$A$145,$A11,Items!$F$2:$F$145,C$3),2) | D11: =ROUND(SUMIFS(Items!$G$2:$G$145,Items!$A$2:$A$145,$A11,Items!$F$2:$F$145,D$3),2) | E11: =ROUND(SUMIFS(Items!$G$2:$G$145,Items!$A$2:$A$145,$A11,Items!$F$2:$F$145,E$3),2) | F11: =ROUND(SUMIFS(Items!$G$2:$G$145,Items!$A$2:$A$145,$A11,Items!$F$2:$F$145,F$3),2) | G11: =SUM(B11:F11) | H11: =G11-B11
A12: Riverbend Bistro | B12: =ROUND(SUMIFS(Items!$G$2:$G$145,Items!$A$2:$A$145,$A12,Items!$F$2:$F$145,B$3),2) | C12: =ROUND(SUMIFS(Items!$G$2:$G$145,Items!$A$2:$A$145,$A12,Items!$F$2:$F$145,C$3),2) | D12: =ROUND(SUMIFS(Items!$G$2:$G$145,Items!$A$2:$A$145,$A12,Items!$F$2:$F$145,D$3),2) | E12: =ROUND(SUMIFS(Items!$G$2:$G$145,Items!$A$2:$A$145,$A12,Items!$F$2:$F$145,E$3),2) | F12: =ROUND(SUMIFS(Items!$G$2:$G$145,Items!$A$2:$A$145,$A12,Items!$F$2:$F$145,F$3),2) | G12: =SUM(B12:F12) | H12: =G12-B12
A13: Copper Kettle Diner | B13: =ROUND(SUMIFS(Items!$G$2:$G$145,Items!$A$2:$A$145,$A13,Items!$F$2:$F$145,B$3),2) | C13: =ROUND(SUMIFS(Items!$G$2:$G$145,Items!$A$2:$A$145,$A13,Items!$F$2:$F$145,C$3),2) | D13: =ROUND(SUMIFS(Items!$G$2:$G$145,Items!$A$2:$A$145,$A13,Items!$F$2:$F$145,D$3),2) | E13: =ROUND(SUMIFS(Items!$G$2:$G$145,Items!$A$2:$A$145,$A13,Items!$F$2:$F$145,E$3),2) | F13: =ROUND(SUMIFS(Items!$G$2:$G$145,Items!$A$2:$A$145,$A13,Items!$F$2:$F$145,F$3),2) | G13: =SUM(B13:F13) | H13: =G13-B13
A14: Larkspur Hotel Kitchen | B14: =ROUND(SUMIFS(Items!$G$2:$G$145,Items!$A$2:$A$145,$A14,Items!$F$2:$F$145,B$3),2) | C14: =ROUND(SUMIFS(Items!$G$2:$G$145,Items!$A$2:$A$145,$A14,Items!$F$2:$F$145,C$3),2) | D14: =ROUND(SUMIFS(Items!$G$2:$G$145,Items!$A$2:$A$145,$A14,Items!$F$2:$F$145,D$3),2) | E14: =ROUND(SUMIFS(Items!$G$2:$G$145,Items!$A$2:$A$145,$A14,Items!$F$2:$F$145,E$3),2) | F14: =ROUND(SUMIFS(Items!$G$2:$G$145,Items!$A$2:$A$145,$A14,Items!$F$2:$F$145,F$3),2) | G14: =SUM(B14:F14) | H14: =G14-B14
A15: Driftwood Taqueria | B15: =ROUND(SUMIFS(Items!$G$2:$G$145,Items!$A$2:$A$145,$A15,Items!$F$2:$F$145,B$3),2) | C15: =ROUND(SUMIFS(Items!$G$2:$G$145,Items!$A$2:$A$145,$A15,Items!$F$2:$F$145,C$3),2) | D15: =ROUND(SUMIFS(Items!$G$2:$G$145,Items!$A$2:$A$145,$A15,Items!$F$2:$F$145,D$3),2) | E15: =ROUND(SUMIFS(Items!$G$2:$G$145,Items!$A$2:$A$145,$A15,Items!$F$2:$F$145,E$3),2) | F15: =ROUND(SUMIFS(Items!$G$2:$G$145,Items!$A$2:$A$145,$A15,Items!$F$2:$F$145,F$3),2) | G15: =SUM(B15:F15) | H15: =G15-B15
... A17: Kingfisher Charters Galley | B17: =ROUND(SUMIFS(Items!$G$2:$G$145,Items!$A$2:$A$145,$A17,Items!$F$2:$F$145,B$3),2) | C17: =ROUND(SUMIFS(Items!$G$2:$G$145,Items!$A$2:$A$145,$A17,Items!$F$2:$F$145,C$3),2) | D17: =ROUND(SUMIFS(Items!$G$2:$G$145,Items!$A$2:$A$145,$A17,Items!$F$2:$F$145,D$3),2) | E17: =ROUND(SUMIFS(Items!$G$2:$G$145,Items!$A$2:$A$145,$A17,Items!$F$2:$F$145,E$3),2) | F17: =ROUND(SUMIFS(Items!$G$2:$G$145,Items!$A$2:$A$145,$A17,Items!$F$2:$F$145,F$3),2) | G17: =SUM(B17:F17) | H17: =G17-B17
A18: Total | B18: =SUM(B4:B17) | C18: =SUM(C4:C17) | D18: =SUM(D4:D17) | E18: =SUM(E4:E17) | F18: =SUM(F4:F17) | G18: =SUM(G4:G17) | H18: =SUM(H4:H17)

Sheet Items
A1: customer | B1: invoice | C1: invoice date | D1: due date | E1: days past due | F1: bucket | G1: balance
A2: Blue Heron Catering | B2: YS-31440 | C2: 2026-06-21 | D2: 2026-07-21 | E2: 41 | F2: 31-60 days | G2: 960.38
A3: Blue Heron Catering | B3: YS-31456 | C3: 2026-06-28 | D3: 2026-07-28 | E3: 34 | F3: 31-60 days | G3: 1684.43
A4: Blue Heron Catering | B4: YS-31489 | C4: 2026-07-12 | D4: 2026-08-11 | E4: 20 | F4: 1-30 days | G4: 2366.88
A5: Blue Heron Catering | B5: YS-31497 | C5: 2026-07-17 | D5: 2026-08-16 | E5: 15 | F5: 1-30 days | G5: 5341.32
A6: Blue Heron Catering | B6: YS-31510 | C6: 2026-07-23 | D6: 2026-08-22 | E6: 9 | F6: 1-30 days | G6: 5536.36
A7: Blue Heron Catering | B7: YS-31540 | C7: 2026-08-04 | D7: 2026-09-03 | E7: -3 | F7: Current | G7: 7126.3
A8: Blue Heron Catering | B8: YS-31553 | C8: 2026-08-10 | D8: 2026-09-09 | E8: -9 | F8: Current | G8: 1408.12
A9: Blue Heron Catering | B9: YS-31568 | C9: 2026-08-16 | D9: 2026-09-15 | E9: -15 | F9: Current | G9: 5321.89
A10: Blue Heron Catering | B10: YS-31579 | C10: 2026-08-21 | D10: 2026-09-20 | E10: -20 | F10: Current | G10: 5106.99
A11: Blue Heron Catering | B11: YS-31599 | C11: 2026-08-30 | D11: 2026-09-29 | E11: -29 | F11: Current | G11: 4933.1
A12: Copper Kettle Diner | B12: YS-31239 | C12: 2026-03-18 | D12: 2026-04-02 | E12: 151 | F12: Over 90 days | G12: 4663.87
A13: Copper Kettle Diner | B13: YS-31319 | C13: 2026-04-26 | D13: 2026-05-11 | E13: 112 | F13: Over 90 days | G13: 1238.69
... A145: The Saltwater Grill | B145: YS-31596 | C145: 2026-08-28 | D145: 2026-10-12 | E145: -42 | F145: Current | G145: 9072.16
