Workbook

Sheet Summary
A1: Item | B1: Description | C1: Material cost
A2: IW-7230 | B2: Workbench 72in with drawers | C2: =ROUND(SUMIF(Exploded!$A$2:$A$60,A2,Exploded!$G$2:$G$60),2)
A3: IW-4830 | B3: Workbench 48in | C3: =ROUND(SUMIF(Exploded!$A$2:$A$60,A3,Exploded!$G$2:$G$60),2)
A4: IW-SR5 | B4: Shelving rack 5-tier | C4: =ROUND(SUMIF(Exploded!$A$2:$A$60,A4,Exploded!$G$2:$G$60),2)
A5: IW-MC2 | B5: Mobile cart 2-shelf | C5: =ROUND(SUMIF(Exploded!$A$2:$A$60,A5,Exploded!$G$2:$G$60),2)
A6: IW-TS1 | B6: Tool station | C6: =ROUND(SUMIF(Exploded!$A$2:$A$60,A6,Exploded!$G$2:$G$60),2)

Sheet Exploded
A1: Product | B1: Level | C1: Path | D1: Component | E1: Extended qty | F1: Unit cost | G1: Extended cost
A2: IW-7230 | B2: 3 | C2: SA-FRM72 > SA-LEG > TUB-2020 | D2: TUB-2020 | E2: 11 | F2: =VLOOKUP(D2,Prices!$A$2:$E$19,5,FALSE) | G2: =ROUND(E2*F2,4)
A3: IW-7230 | B3: 3 | C3: SA-FRM72 > SA-LEG > PLT-0404 | D3: PLT-0404 | E3: 4 | F3: =VLOOKUP(D3,Prices!$A$2:$E$19,5,FALSE) | G3: =ROUND(E3*F3,4)
A4: IW-7230 | B4: 3 | C4: SA-FRM72 > SA-LEG > LEV-58 | D4: LEV-58 | E4: 4 | F4: =VLOOKUP(D4,Prices!$A$2:$E$19,5,FALSE) | G4: =ROUND(E4*F4,4)
A5: IW-7230 | B5: 2 | C5: SA-FRM72 > TUB-2020 | D5: TUB-2020 | E5: 13.5 | F5: =VLOOKUP(D5,Prices!$A$2:$E$19,5,FALSE) | G5: =ROUND(E5*F5,4)
A6: IW-7230 | B6: 2 | C6: SA-FRM72 > BLT-M10 | D6: BLT-M10 | E6: 8 | F6: =VLOOKUP(D6,Prices!$A$2:$E$19,5,FALSE) | G6: =ROUND(E6*F6,4)
A7: IW-7230 | B7: 1 | C7: TOP-7230 | D7: TOP-7230 | E7: 1 | F7: =VLOOKUP(D7,Prices!$A$2:$E$19,5,FALSE) | G7: =ROUND(E7*F7,4)
A8: IW-7230 | B8: 3 | C8: SA-DRW > SA-DBX > SHT-1624 | D8: SHT-1624 | E8: 1 | F8: =VLOOKUP(D8,Prices!$A$2:$E$19,5,FALSE) | G8: =ROUND(E8*F8,4)
A9: IW-7230 | B9: 3 | C9: SA-DRW > SA-DBX > PUL-01 | D9: PUL-01 | E9: 2 | F9: =VLOOKUP(D9,Prices!$A$2:$E$19,5,FALSE) | G9: =ROUND(E9*F9,4)
A10: IW-7230 | B10: 2 | C10: SA-DRW > SLD-18 | D10: SLD-18 | E10: 2 | F10: =VLOOKUP(D10,Prices!$A$2:$E$19,5,FALSE) | G10: =ROUND(E10*F10,4)
A11: IW-7230 | B11: 2 | C11: SA-DRW > BLT-M10 | D11: BLT-M10 | E11: 12 | F11: =VLOOKUP(D11,Prices!$A$2:$E$19,5,FALSE) | G11: =ROUND(E11*F11,4)
A12: IW-7230 | B12: 1 | C12: BLT-M10 | D12: BLT-M10 | E12: 12 | F12: =VLOOKUP(D12,Prices!$A$2:$E$19,5,FALSE) | G12: =ROUND(E12*F12,4)
A13: IW-7230 | B13: 1 | C13: NUT-M10 | D13: NUT-M10 | E13: 12 | F13: =VLOOKUP(D13,Prices!$A$2:$E$19,5,FALSE) | G13: =ROUND(E13*F13,4)
... A60: IW-TS1 | B60: 1 | C60: SHF-4818 | D60: SHF-4818 | E60: 1 | F60: =VLOOKUP(D60,Prices!$A$2:$E$19,5,FALSE) | G60: =ROUND(E60*F60,4)

Sheet Prices
A1: Part | B1: Description | C1: Price | D1: Per | E1: Unit cost | F1: Note
A2: TUB-2020 | B2: Steel tube 2x2 11ga | C2: 4.08 | D2: 1 | E2: =ROUND(C2/D2,4) | F2: ft
A3: TUB-1515 | B3: Steel tube 1.5x1.5 14ga | C3: 2.55 | D3: 1 | E3: =ROUND(C3/D3,4) | F3: ft
A4: ANG-1010 | B4: Steel angle 1x1 x 1/8 | C4: 1.12 | D4: 1 | E4: =ROUND(C4/D4,4) | F4: ft
A5: PLT-0404 | B5: Base plate 4x4 x 1/4 | C5: 2.58 | D5: 1 | E5: =ROUND(C5/D5,4) | F5: each
A6: LEV-58 | B6: Leveling foot 5/8-11 | C6: 3.21 | D6: 1 | E6: =ROUND(C6/D6,4) | F6: each
A7: TOP-7230 | B7: Maple butcher block top 72x30 | C7: 184.17 | D7: 1 | E7: =ROUND(C7/D7,4) | F7: each
A8: TOP-4830 | B8: Maple butcher block top 48x30 | C8: 135.24 | D8: 1 | E8: =ROUND(C8/D8,4) | F8: each
A9: SHF-4818 | B9: Steel shelf panel 48x18 | C9: 21.12 | D9: 1 | E9: =ROUND(C9/D9,4) | F9: each
A10: SHT-1624 | B10: Sheet steel 16ga 24x48 | C10: 30.81 | D10: 1 | E10: =ROUND(C10/D10,4) | F10: each
A11: BLT-M10 | B11: Hex bolt M10x30 zinc | C11: 15.07 | D11: 100 | E11: =ROUND(C11/D11,4) | F11: per 100
A12: NUT-M10 | B12: Nylock nut M10 | C12: 0.11 | D12: 1 | E12: =ROUND(C12/D12,4) | F12: each
A13: SLD-18 | B13: Drawer slide 18in full extension (pair) | C13: 17.52 | D13: 1 | E13: =ROUND(C13/D13,4) | F13: each
... A19: HDL-12 | B19: Push handle 12in | C19: 8.95 | D19: 1 | E19: =ROUND(C19/D19,4) | F19: each
