Workbook

Sheet Summary
A1: Q2 2026 returns by product (Apr-Jun)
A2: SKU | B2: Product | C2: Units sold | D2: Units returned | E2: Refund units | F2: Exchange units | G2: Return rate | H2: Refunded dollars
A3: TJ-M-BLU | B3: Trail Jacket M | C3: =VLOOKUP(A3,Sales!$A$2:$C$10,3,FALSE) | D3: =SUMIF(Returns!$D$2:$D$119,A3,Returns!$F$2:$F$119) | E3: =SUMIFS(Returns!$F$2:$F$119,Returns!$D$2:$D$119,A3,Returns!$G$2:$G$119,"Refund")+SUMIFS(Returns!$F$2:$F$119,Returns!$D$2:$D$119,A3,Returns!$G$2:$G$119,"Store credit") | F3: =SUMIFS(Returns!$F$2:$F$119,Returns!$D$2:$D$119,A3,Returns!$G$2:$G$119,"Exchange") | G3: =IF(C3=0,0,ROUND(D3/C3,4)) | H3: =SUMIF(Returns!$D$2:$D$119,A3,Returns!$I$2:$I$119)
A4: TJ-L-BLU | B4: Trail Jacket L | C4: =VLOOKUP(A4,Sales!$A$2:$C$10,3,FALSE) | D4: =SUMIF(Returns!$D$2:$D$119,A4,Returns!$F$2:$F$119) | E4: =SUMIFS(Returns!$F$2:$F$119,Returns!$D$2:$D$119,A4,Returns!$G$2:$G$119,"Refund")+SUMIFS(Returns!$F$2:$F$119,Returns!$D$2:$D$119,A4,Returns!$G$2:$G$119,"Store credit") | F4: =SUMIFS(Returns!$F$2:$F$119,Returns!$D$2:$D$119,A4,Returns!$G$2:$G$119,"Exchange") | G4: =IF(C4=0,0,ROUND(D4/C4,4)) | H4: =SUMIF(Returns!$D$2:$D$119,A4,Returns!$I$2:$I$119)
A5: WS-3PK | B5: Wool Sock 3pk | C5: =VLOOKUP(A5,Sales!$A$2:$C$10,3,FALSE) | D5: =SUMIF(Returns!$D$2:$D$119,A5,Returns!$F$2:$F$119) | E5: =SUMIFS(Returns!$F$2:$F$119,Returns!$D$2:$D$119,A5,Returns!$G$2:$G$119,"Refund")+SUMIFS(Returns!$F$2:$F$119,Returns!$D$2:$D$119,A5,Returns!$G$2:$G$119,"Store credit") | F5: =SUMIFS(Returns!$F$2:$F$119,Returns!$D$2:$D$119,A5,Returns!$G$2:$G$119,"Exchange") | G5: =IF(C5=0,0,ROUND(D5/C5,4)) | H5: =SUMIF(Returns!$D$2:$D$119,A5,Returns!$I$2:$I$119)
A6: WB-1L | B6: Water Bottle 1L | C6: =VLOOKUP(A6,Sales!$A$2:$C$10,3,FALSE) | D6: =SUMIF(Returns!$D$2:$D$119,A6,Returns!$F$2:$F$119) | E6: =SUMIFS(Returns!$F$2:$F$119,Returns!$D$2:$D$119,A6,Returns!$G$2:$G$119,"Refund")+SUMIFS(Returns!$F$2:$F$119,Returns!$D$2:$D$119,A6,Returns!$G$2:$G$119,"Store credit") | F6: =SUMIFS(Returns!$F$2:$F$119,Returns!$D$2:$D$119,A6,Returns!$G$2:$G$119,"Exchange") | G6: =IF(C6=0,0,ROUND(D6/C6,4)) | H6: =SUMIF(Returns!$D$2:$D$119,A6,Returns!$I$2:$I$119)
A7: HL-300 | B7: Headlamp 300lm | C7: =VLOOKUP(A7,Sales!$A$2:$C$10,3,FALSE) | D7: =SUMIF(Returns!$D$2:$D$119,A7,Returns!$F$2:$F$119) | E7: =SUMIFS(Returns!$F$2:$F$119,Returns!$D$2:$D$119,A7,Returns!$G$2:$G$119,"Refund")+SUMIFS(Returns!$F$2:$F$119,Returns!$D$2:$D$119,A7,Returns!$G$2:$G$119,"Store credit") | F7: =SUMIFS(Returns!$F$2:$F$119,Returns!$D$2:$D$119,A7,Returns!$G$2:$G$119,"Exchange") | G7: =IF(C7=0,0,ROUND(D7/C7,4)) | H7: =SUMIF(Returns!$D$2:$D$119,A7,Returns!$I$2:$I$119)
A8: CS-01 | B8: Summit Stove | C8: =VLOOKUP(A8,Sales!$A$2:$C$10,3,FALSE) | D8: =SUMIF(Returns!$D$2:$D$119,A8,Returns!$F$2:$F$119) | E8: =SUMIFS(Returns!$F$2:$F$119,Returns!$D$2:$D$119,A8,Returns!$G$2:$G$119,"Refund")+SUMIFS(Returns!$F$2:$F$119,Returns!$D$2:$D$119,A8,Returns!$G$2:$G$119,"Store credit") | F8: =SUMIFS(Returns!$F$2:$F$119,Returns!$D$2:$D$119,A8,Returns!$G$2:$G$119,"Exchange") | G8: =IF(C8=0,0,ROUND(D8/C8,4)) | H8: =SUMIF(Returns!$D$2:$D$119,A8,Returns!$I$2:$I$119)
A9: TP-PR | B9: Trekking Pole pair | C9: =VLOOKUP(A9,Sales!$A$2:$C$10,3,FALSE) | D9: =SUMIF(Returns!$D$2:$D$119,A9,Returns!$F$2:$F$119) | E9: =SUMIFS(Returns!$F$2:$F$119,Returns!$D$2:$D$119,A9,Returns!$G$2:$G$119,"Refund")+SUMIFS(Returns!$F$2:$F$119,Returns!$D$2:$D$119,A9,Returns!$G$2:$G$119,"Store credit") | F9: =SUMIFS(Returns!$F$2:$F$119,Returns!$D$2:$D$119,A9,Returns!$G$2:$G$119,"Exchange") | G9: =IF(C9=0,0,ROUND(D9/C9,4)) | H9: =SUMIF(Returns!$D$2:$D$119,A9,Returns!$I$2:$I$119)
A10: DB-20 | B10: Dry Bag 20L | C10: =VLOOKUP(A10,Sales!$A$2:$C$10,3,FALSE) | D10: =SUMIF(Returns!$D$2:$D$119,A10,Returns!$F$2:$F$119) | E10: =SUMIFS(Returns!$F$2:$F$119,Returns!$D$2:$D$119,A10,Returns!$G$2:$G$119,"Refund")+SUMIFS(Returns!$F$2:$F$119,Returns!$D$2:$D$119,A10,Returns!$G$2:$G$119,"Store credit") | F10: =SUMIFS(Returns!$F$2:$F$119,Returns!$D$2:$D$119,A10,Returns!$G$2:$G$119,"Exchange") | G10: =IF(C10=0,0,ROUND(D10/C10,4)) | H10: =SUMIF(Returns!$D$2:$D$119,A10,Returns!$I$2:$I$119)
A11: MC-01 | B11: Map Case | C11: =VLOOKUP(A11,Sales!$A$2:$C$10,3,FALSE) | D11: =SUMIF(Returns!$D$2:$D$119,A11,Returns!$F$2:$F$119) | E11: =SUMIFS(Returns!$F$2:$F$119,Returns!$D$2:$D$119,A11,Returns!$G$2:$G$119,"Refund")+SUMIFS(Returns!$F$2:$F$119,Returns!$D$2:$D$119,A11,Returns!$G$2:$G$119,"Store credit") | F11: =SUMIFS(Returns!$F$2:$F$119,Returns!$D$2:$D$119,A11,Returns!$G$2:$G$119,"Exchange") | G11: =IF(C11=0,0,ROUND(D11/C11,4)) | H11: =SUMIF(Returns!$D$2:$D$119,A11,Returns!$I$2:$I$119)
A12: Total | C12: =SUM(C3:C11) | D12: =SUM(D3:D11) | E12: =SUM(E3:E11) | F12: =SUM(F3:F11) | G12: =IF(C12=0,0,ROUND(D12/C12,4)) | H12: =SUM(H3:H11)

Sheet Reasons
A1: Reason | B1: Units returned | C1: Share
A2: Sizing | B2: =SUMIF(Returns!$H$2:$H$119,A2,Returns!$F$2:$F$119) | C2: =IF(Summary!$D$12=0,0,ROUND(B2/Summary!$D$12,4))
A3: Damaged | B3: =SUMIF(Returns!$H$2:$H$119,A3,Returns!$F$2:$F$119) | C3: =IF(Summary!$D$12=0,0,ROUND(B3/Summary!$D$12,4))
A4: Not as described | B4: =SUMIF(Returns!$H$2:$H$119,A4,Returns!$F$2:$F$119) | C4: =IF(Summary!$D$12=0,0,ROUND(B4/Summary!$D$12,4))
A5: Changed mind | B5: =SUMIF(Returns!$H$2:$H$119,A5,Returns!$F$2:$F$119) | C5: =IF(Summary!$D$12=0,0,ROUND(B5/Summary!$D$12,4))
A6: Wrong item | B6: =SUMIF(Returns!$H$2:$H$119,A6,Returns!$F$2:$F$119) | C6: =IF(Summary!$D$12=0,0,ROUND(B6/Summary!$D$12,4))
A7: Total | B7: =SUM(B2:B6)

Sheet Sales
A1: sku | B1: product | C1: units_sold
A2: TJ-M-BLU | B2: Trail Jacket M | C2: 147
A3: TJ-L-BLU | B3: Trail Jacket L | C3: 120
A4: WS-3PK | B4: Wool Sock 3pk | C4: 140
A5: WB-1L | B5: Water Bottle 1L | C5: 125
A6: HL-300 | B6: Headlamp 300lm | C6: 112
A7: CS-01 | B7: Summit Stove | C7: 136
A8: TP-PR | B8: Trekking Pole pair | C8: 157
A9: DB-20 | B9: Dry Bag 20L | C9: 137
A10: MC-01 | B10: Map Case | C10: 121

Sheet Returns
A1: rma_id | B1: return_date | C1: order_id | D1: sku | E1: product | F1: qty | G1: type | H1: reason_bucket | I1: refund_amount
A2: RMA-7138 | B2: 46119 | C2: ORD-30631 | D2: TJ-M-BLU | E2: Trail Jacket M | F2: 1 | G2: Exchange | H2: Not as described | I2: 0
A3: RMA-7198 | B3: 46119 | C3: ORD-30861 | D3: DB-20 | E3: Dry Bag 20L | F3: 1 | G3: Exchange | H3: Wrong item | I3: 0
A4: RMA-7212 | B4: 46123 | C4: ORD-30928 | D4: MC-01 | E4: Map Case | F4: 1 | G4: Store credit | H4: Changed mind | I4: 14
A5: RMA-7235 | B5: 46123 | C5: ORD-31100 | D5: WS-3PK | E5: Wool Sock 3pk | F5: 1 | G5: Store credit | H5: Changed mind | I5: 24
A6: RMA-7190 | B6: 46124 | C6: ORD-30834 | D6: MC-01 | E6: Map Case | F6: 1 | G6: Refund | H6: Damaged | I6: 14
A7: RMA-7112 | B7: 46126 | C7: ORD-30483 | D7: MC-01 | E7: Map Case | F7: 1 | G7: Exchange | H7: Wrong item | I7: 0
A8: RMA-7174 | B8: 46127 | C8: ORD-30775 | D8: WS-3PK | E8: Wool Sock 3pk | F8: 1 | G8: Exchange | H8: Changed mind | I8: 0
A9: RMA-7197 | B9: 46127 | C9: ORD-30858 | D9: CS-01 | E9: Summit Stove | F9: 1 | G9: Refund | H9: Damaged | I9: 89
A10: RMA-7199 | B10: 46127 | C10: ORD-30862 | D10: TJ-M-BLU | E10: Trail Jacket M | F10: 1 | G10: Store credit | H10: Sizing | I10: 129
A11: RMA-7132 | B11: 46129 | C11: ORD-30598 | D11: TJ-M-BLU | E11: Trail Jacket M | F11: 1 | G11: Store credit | H11: Sizing | I11: 129
A12: RMA-7126 | B12: 46130 | C12: ORD-30564 | D12: DB-20 | E12: Dry Bag 20L | F12: 1 | G12: Refund | H12: Sizing | I12: 29
A13: RMA-7155 | B13: 46130 | C13: ORD-30690 | D13: TJ-L-BLU | E13: Trail Jacket L | F13: 2 | G13: Exchange | H13: Changed mind | I13: 0
... A119: RMA-7252 | B119: 46203 | C119: ORD-31161 | D119: WB-1L | E119: Water Bottle 1L | F119: 1 | G119: Refund | H119: Damaged | I119: 32
