Workbook

Sheet Summary
A1: Complaints by category and month, January-June 2026 (one per ticket)
A2: Category | B2: 2026-01 | C2: 2026-02 | D2: 2026-03 | E2: 2026-04 | F2: 2026-05 | G2: 2026-06 | H2: Total
A3: Late delivery | B3: =COUNTIFS(Tickets!$C$2:$C$211,$A3,Tickets!$B$2:$B$211,B$2) | C3: =COUNTIFS(Tickets!$C$2:$C$211,$A3,Tickets!$B$2:$B$211,C$2) | D3: =COUNTIFS(Tickets!$C$2:$C$211,$A3,Tickets!$B$2:$B$211,D$2) | E3: =COUNTIFS(Tickets!$C$2:$C$211,$A3,Tickets!$B$2:$B$211,E$2) | F3: =COUNTIFS(Tickets!$C$2:$C$211,$A3,Tickets!$B$2:$B$211,F$2) | G3: =COUNTIFS(Tickets!$C$2:$C$211,$A3,Tickets!$B$2:$B$211,G$2) | H3: =SUM(B3:G3)
A4: Missed pickup | B4: =COUNTIFS(Tickets!$C$2:$C$211,$A4,Tickets!$B$2:$B$211,B$2) | C4: =COUNTIFS(Tickets!$C$2:$C$211,$A4,Tickets!$B$2:$B$211,C$2) | D4: =COUNTIFS(Tickets!$C$2:$C$211,$A4,Tickets!$B$2:$B$211,D$2) | E4: =COUNTIFS(Tickets!$C$2:$C$211,$A4,Tickets!$B$2:$B$211,E$2) | F4: =COUNTIFS(Tickets!$C$2:$C$211,$A4,Tickets!$B$2:$B$211,F$2) | G4: =COUNTIFS(Tickets!$C$2:$C$211,$A4,Tickets!$B$2:$B$211,G$2) | H4: =SUM(B4:G4)
A5: Damaged goods | B5: =COUNTIFS(Tickets!$C$2:$C$211,$A5,Tickets!$B$2:$B$211,B$2) | C5: =COUNTIFS(Tickets!$C$2:$C$211,$A5,Tickets!$B$2:$B$211,C$2) | D5: =COUNTIFS(Tickets!$C$2:$C$211,$A5,Tickets!$B$2:$B$211,D$2) | E5: =COUNTIFS(Tickets!$C$2:$C$211,$A5,Tickets!$B$2:$B$211,E$2) | F5: =COUNTIFS(Tickets!$C$2:$C$211,$A5,Tickets!$B$2:$B$211,F$2) | G5: =COUNTIFS(Tickets!$C$2:$C$211,$A5,Tickets!$B$2:$B$211,G$2) | H5: =SUM(B5:G5)
A6: Driver conduct | B6: =COUNTIFS(Tickets!$C$2:$C$211,$A6,Tickets!$B$2:$B$211,B$2) | C6: =COUNTIFS(Tickets!$C$2:$C$211,$A6,Tickets!$B$2:$B$211,C$2) | D6: =COUNTIFS(Tickets!$C$2:$C$211,$A6,Tickets!$B$2:$B$211,D$2) | E6: =COUNTIFS(Tickets!$C$2:$C$211,$A6,Tickets!$B$2:$B$211,E$2) | F6: =COUNTIFS(Tickets!$C$2:$C$211,$A6,Tickets!$B$2:$B$211,F$2) | G6: =COUNTIFS(Tickets!$C$2:$C$211,$A6,Tickets!$B$2:$B$211,G$2) | H6: =SUM(B6:G6)
A7: Billing | B7: =COUNTIFS(Tickets!$C$2:$C$211,$A7,Tickets!$B$2:$B$211,B$2) | C7: =COUNTIFS(Tickets!$C$2:$C$211,$A7,Tickets!$B$2:$B$211,C$2) | D7: =COUNTIFS(Tickets!$C$2:$C$211,$A7,Tickets!$B$2:$B$211,D$2) | E7: =COUNTIFS(Tickets!$C$2:$C$211,$A7,Tickets!$B$2:$B$211,E$2) | F7: =COUNTIFS(Tickets!$C$2:$C$211,$A7,Tickets!$B$2:$B$211,F$2) | G7: =COUNTIFS(Tickets!$C$2:$C$211,$A7,Tickets!$B$2:$B$211,G$2) | H7: =SUM(B7:G7)
A8: Tracking & communication | B8: =COUNTIFS(Tickets!$C$2:$C$211,$A8,Tickets!$B$2:$B$211,B$2) | C8: =COUNTIFS(Tickets!$C$2:$C$211,$A8,Tickets!$B$2:$B$211,C$2) | D8: =COUNTIFS(Tickets!$C$2:$C$211,$A8,Tickets!$B$2:$B$211,D$2) | E8: =COUNTIFS(Tickets!$C$2:$C$211,$A8,Tickets!$B$2:$B$211,E$2) | F8: =COUNTIFS(Tickets!$C$2:$C$211,$A8,Tickets!$B$2:$B$211,F$2) | G8: =COUNTIFS(Tickets!$C$2:$C$211,$A8,Tickets!$B$2:$B$211,G$2) | H8: =SUM(B8:G8)
A9: Total | B9: =SUM(B3:B8) | C9: =SUM(C3:C8) | D9: =SUM(D3:D8) | E9: =SUM(E3:E8) | F9: =SUM(F3:F8) | G9: =SUM(G3:G8) | H9: =SUM(H3:H8)

Sheet Tickets
A1: ticket_id | B1: month_opened | C1: category | D1: opened
A2: T-26-00441 | B2: 2026-01 | C2: Billing | D2: 46023
A3: T-26-00443 | B3: 2026-01 | C3: Damaged goods | D3: 46023
A4: T-26-00444 | B4: 2026-01 | C4: Driver conduct | D4: 46027
A5: T-26-00447 | B5: 2026-01 | C5: Billing | D5: 46028
A6: T-26-00448 | B6: 2026-01 | C6: Late delivery | D6: 46030
A7: T-26-00450 | B7: 2026-01 | C7: Missed pickup | D7: 46030
A8: T-26-00453 | B8: 2026-01 | C8: Tracking & communication | D8: 46031
A9: T-26-00454 | B9: 2026-01 | C9: Missed pickup | D9: 46031
A10: T-26-00455 | B10: 2026-01 | C10: Damaged goods | D10: 46034
A11: T-26-00460 | B11: 2026-01 | C11: Missed pickup | D11: 46035
A12: T-26-00461 | B12: 2026-01 | C12: Late delivery | D12: 46036
A13: T-26-00462 | B13: 2026-01 | C13: Billing | D13: 46037
... A211: T-26-00895 | B211: 2026-06 | C211: Tracking & communication | D211: 46202
